
/* Drop Tables */
DROP TABLE  C_APPLICATION_TENANTS;
DROP TABLE  C_APPLICATIONS;
DROP TABLE  C_GROUP_ROLES;
DROP TABLE  C_GROUP_USERS;
DROP TABLE  C_GROUPS;
DROP TABLE  C_ROLE_PERMISSIONS;
DROP TABLE  C_PERMISSIONS;
DROP TABLE  C_RESOURCES;
DROP TABLE  C_RESOURCE_DYNAMIC_PROPS;
DROP TABLE  C_ROLES;
DROP TABLE  C_ROUTER_GROUP;
DROP TABLE  C_USER_TENANTS;
DROP TABLE  C_TENANTS;
DROP TABLE  C_TOKENS;
DROP TABLE  C_USER_CREDENTIALS;
DROP TABLE  C_USERS;
DROP TABLE  C_USER_TENANT_APPLICATIONS;
DROP TABLE  C_SYSTEM_CONFIG;
DROP TABLE  L_LOGS_D;
/* Create Tables */

CREATE TABLE C_APPLICATIONS
(
  ID number(15) not null primary key,
  NAME varchar(256) NOT NULL ,
  COMPANY varchar(256),
  -- 调用接口时应用唯一标识
  APP_CODE varchar(256) NOT NULL,
  REFRESH_RESOURCES_API varchar(256),
  -- 此application所在的所有ip:ports，用分号分隔。如: 192.168.6.97:8080;192.168.6.98:8080
  --
  -- 加入已经作为微服务加入服务注册中心，无需填写此字段。系统会自动把app_code当做服务id，通过负载均衡器在服务中心找到对应服务。
  HOSTS varchar(256),
  CREATED_TIME number(15) DEFAULT 0 NOT NULL,
  MODIFIED_TIME number(15) DEFAULT 0 NOT NULL,
  STATUS int DEFAULT 1 NOT NULL,
  -- 属于paas服务还是saas服务
  SERVICE_MODE varchar(5) DEFAULT 'paas' NOT NULL,
  -- 更新的人
  UPDATED_BY_USER_NAME varchar(100) DEFAULT ' ' NOT NULL,
  DEFAULT_INDEX_URL varchar(256) DEFAULT '' NOT NULL
);
COMMENT ON TABLE "C_APPLICATIONS" IS '应用表';
COMMENT ON COLUMN "C_APPLICATIONS"."ID" IS '表主键';
COMMENT ON COLUMN "C_APPLICATIONS"."NAME" IS '应用名称';
COMMENT ON COLUMN "C_APPLICATIONS"."COMPANY" IS '所属公司';
COMMENT ON COLUMN "C_APPLICATIONS"."APP_CODE" IS '应用标识';
COMMENT ON COLUMN "C_APPLICATIONS"."REFRESH_RESOURCES_API" IS '刷新资源Api';
COMMENT ON COLUMN "C_APPLICATIONS"."HOSTS" IS '主机';
COMMENT ON COLUMN "C_APPLICATIONS"."CREATED_TIME" IS '创建时间';
COMMENT ON COLUMN "C_APPLICATIONS"."MODIFIED_TIME" IS '修改时间';
COMMENT ON COLUMN "C_APPLICATIONS"."STATUS" IS '状态';
COMMENT ON COLUMN "C_APPLICATIONS"."SERVICE_MODE" IS '平台模式';
COMMENT ON COLUMN "C_APPLICATIONS"."UPDATED_BY_USER_NAME" IS '执行最后一次修改的用户名称';
COMMENT ON COLUMN "C_APPLICATIONS"."DEFAULT_INDEX_URL" IS '默认主页链接';


CREATE TABLE C_APPLICATION_TENANTS
(
  APPLICATION_ID number(15) NOT NULL,
  TENANT_ID number(15) NOT NULL,
  ID number(15) not null primary key
) ;
COMMENT ON TABLE "C_APPLICATION_TENANTS" IS '应用、租户关联表';
COMMENT ON COLUMN "C_APPLICATION_TENANTS"."APPLICATION_ID" IS '应用表主键';
COMMENT ON COLUMN "C_APPLICATION_TENANTS"."TENANT_ID" IS '租户表主键';
COMMENT ON COLUMN "C_APPLICATION_TENANTS"."ID" IS '表主键';
CREATE INDEX APPLICATION_TENANT_ID_INDEX ON C_APPLICATION_TENANTS(APPLICATION_ID, TENANT_ID);


CREATE TABLE C_GROUPS
(
  ID number(15) not null primary key,
  NAME varchar(256) not null,
  CREATED_TIME number(15) DEFAULT 0 NOT NULL,
  MODIFIED_TIME number(15) DEFAULT 0 NOT NULL,
  APPLICATION_ID number(15) DEFAULT 0 NOT NULL,
  TENANT_ID number(15) DEFAULT 0 NOT NULL,
  STATUS int DEFAULT 1 NOT NULL,
  -- 更新的人
  UPDATED_BY_USER_NAME varchar(100) DEFAULT ' ' NOT NULL
) ;
COMMENT ON TABLE "C_GROUPS" IS '组表';
COMMENT ON COLUMN "C_GROUPS"."ID" IS '表主键';
COMMENT ON COLUMN "C_GROUPS"."NAME" IS '组名称';
COMMENT ON COLUMN "C_GROUPS"."CREATED_TIME" IS '创建时间';
COMMENT ON COLUMN "C_GROUPS"."MODIFIED_TIME" IS '修改时间';
COMMENT ON COLUMN "C_GROUPS"."APPLICATION_ID" IS '应用表主键';
COMMENT ON COLUMN "C_GROUPS"."TENANT_ID" IS '租户表主键';
COMMENT ON COLUMN "C_GROUPS"."STATUS" IS '状态';
COMMENT ON COLUMN "C_GROUPS"."UPDATED_BY_USER_NAME" IS '执行最后一次修改的用户名称';


CREATE TABLE C_GROUP_ROLES
(
  ROLE_ID number(15) NOT NULL,
  GROUP_ID number(15) NOT NULL,
  ID number(15) not null primary key
) ;
COMMENT ON TABLE "C_GROUP_ROLES" IS '组、角色关联表';
COMMENT ON COLUMN "C_GROUP_ROLES"."ID" IS '表主键';
COMMENT ON COLUMN "C_GROUP_ROLES"."ROLE_ID" IS '角色表主键';
COMMENT ON COLUMN "C_GROUP_ROLES"."GROUP_ID" IS '组表主键';
CREATE INDEX GROUP_ROLE_ID_INDEX ON C_GROUP_ROLES(ROLE_ID, GROUP_ID);


CREATE TABLE C_GROUP_USERS
(
  GROUP_ID number(15) NOT NULL,
  USER_ID number(15) NOT NULL,
  ID number(15) NOT NULL primary key
) ;
COMMENT ON TABLE "C_GROUP_USERS" IS '组、用户关联表';
COMMENT ON COLUMN "C_GROUP_USERS"."ID" IS '表主键';
COMMENT ON COLUMN "C_GROUP_USERS"."USER_ID" IS '用户表主键';
COMMENT ON COLUMN "C_GROUP_USERS"."GROUP_ID" IS '组表主键';
CREATE INDEX GROUP_USER_ID_INDEX ON C_GROUP_USERS(GROUP_ID, USER_ID);


CREATE TABLE C_PERMISSIONS
(
  ID number(15) not null primary key,
  RESOURCE_PATH_WILDCARD varchar(256) DEFAULT ' ' NOT NULL,
  NAME varchar(256) DEFAULT ' ' NOT NULL,
  DESCRIPTION varchar(250),
  CREATED_TIME number(15) DEFAULT 0 NOT NULL,
  MODIFIED_TIME number(15) DEFAULT 0 NOT NULL,
  APPLICATION_ID number(15) DEFAULT 0 NOT NULL,
  TENANT_ID number(15) DEFAULT 0 NOT NULL,
  STATUS int DEFAULT 1 NOT NULL,
  -- 更新的人
  UPDATED_BY_USER_NAME varchar(100) DEFAULT ' ' NOT NULL,
  ACTION VARCHAR(100) NOT NULL
) ;
COMMENT ON TABLE "C_PERMISSIONS" IS '权限表';
COMMENT ON COLUMN "C_PERMISSIONS"."ID" IS '表主键';
COMMENT ON COLUMN "C_PERMISSIONS"."RESOURCE_PATH_WILDCARD" IS '资源通配符';
COMMENT ON COLUMN "C_PERMISSIONS"."NAME" IS '权限名称';
COMMENT ON COLUMN "C_PERMISSIONS"."DESCRIPTION" IS '描述';
COMMENT ON COLUMN "C_PERMISSIONS"."CREATED_TIME" IS '创建时间';
COMMENT ON COLUMN "C_PERMISSIONS"."MODIFIED_TIME" IS '修改时间';
COMMENT ON COLUMN "C_PERMISSIONS"."APPLICATION_ID" IS '应用ID';
COMMENT ON COLUMN "C_PERMISSIONS"."TENANT_ID" IS '租户ID';
COMMENT ON COLUMN "C_PERMISSIONS"."STATUS" IS '状态';
COMMENT ON COLUMN "C_PERMISSIONS"."UPDATED_BY_USER_NAME" IS '最后一次执行修改操作的用户';
COMMENT ON COLUMN "C_PERMISSIONS"."ACTION" IS '行为';


CREATE TABLE C_RESOURCES
(
  ID number(15) not null primary key,
  APPLICATION_ID number(15) DEFAULT 0 NOT NULL,
  -- ui - UI组件
  -- /{page_name}/{element_name}
  --
  -- openApi - open api，对外开放的api，并非内部使用的api;
  --
  -- /api/v1/users
  -- 此时需要与dynamic properties配合，假如没有注册中心，直接指定某个property为ip:port;假如使用注册中心，直接指定某个property为service id
  --
  -- function - function opint,对应的是功能项，例如用户查询；
  -- 例如
  -- 一个具体的页面：
  -- /{page_name}
  --
  -- 某一个页面中的某个功能，例如用户组管理页面中的增加用户组的功能
  --
  -- /{page_name}/{function_name}
  PATH varchar(256) DEFAULT ' ' NOT NULL,
  ACTIONS varchar(256),
  NAME varchar(256) DEFAULT ' ' NOT NULL,
  REMARK varchar(256) DEFAULT '' NOT NULL,
  CREATED_TIME number(15) DEFAULT 0 NOT NULL,
  MODIFIED_TIME number(15) DEFAULT 0 NOT NULL,
  -- 资源类型例如，
  -- ui-UI组件，如button, input, textarea, table, drop down list等
  -- openApi-OpenApi, 如提供给其他应用调用的REST API。不是指应用内部的REST API
  -- function-功能项，如页面，菜单模块等
  TYPE varchar(50) DEFAULT ' ' NOT NULL,
  TENANT_ID number(15) DEFAULT 0 NOT NULL,
  VARCHAR_00 varchar(256),
  VARCHAR_01 varchar(256),
  VARCHAR_02 varchar(256),
  VARCHAR_03 varchar(256),
  VARCHAR_04 varchar(256),
  VARCHAR_05 varchar(256),
  VARCHAR_06 varchar(256),
  VARCHAR_07 varchar(256),
  VARCHAR_08 varchar(256),
  VARCHAR_09 varchar(256),
  VARCHAR_10 varchar(256),
  VARCHAR_11 varchar(256),
  VARCHAR_12 varchar(256),
  VARCHAR_13 varchar(256),
  VARCHAR_14 varchar(256),
  VARCHAR_15 varchar(256),
  VARCHAR_16 varchar(256),
  VARCHAR_17 varchar(256),
  VARCHAR_18 varchar(256),
  VARCHAR_19 varchar(256),
  INT_01 int,
  INT_02 int,
  INT_03 int,
  INT_04 int,
  INT_05 int,
  BOOLEAN_01 NUMBER(1),
  BOOLEAN_02 NUMBER(1),
  BOOLEAN_03 NUMBER(1),
  BOOLEAN_04 NUMBER(1),
  -- 更新的人
  UPDATED_BY_USER_NAME varchar(100) DEFAULT ' ' NOT NULL
) ;
COMMENT ON TABLE "C_RESOURCES" IS '资源表';
COMMENT ON COLUMN "C_RESOURCES"."ID" IS '表主键';
COMMENT ON COLUMN "C_RESOURCES"."APPLICATION_ID" IS '应用ID';
COMMENT ON COLUMN "C_RESOURCES"."PATH" IS '路径标识';
COMMENT ON COLUMN "C_RESOURCES"."ACTIONS" IS '行为';
COMMENT ON COLUMN "C_RESOURCES"."NAME" IS '资源名称';
COMMENT ON COLUMN "C_RESOURCES"."REMARK" IS '备注';
COMMENT ON COLUMN "C_RESOURCES"."CREATED_TIME" IS '创建时间';
COMMENT ON COLUMN "C_RESOURCES"."MODIFIED_TIME" IS '修改时间';
COMMENT ON COLUMN "C_RESOURCES"."TYPE" IS '资源类型配置代号';
COMMENT ON COLUMN "C_RESOURCES"."TENANT_ID" IS '租户ID';
COMMENT ON COLUMN "C_RESOURCES"."VARCHAR_00" IS 'varchar字段00';
COMMENT ON COLUMN "C_RESOURCES"."VARCHAR_01" IS 'varchar字段01';
COMMENT ON COLUMN "C_RESOURCES"."VARCHAR_02" IS 'varchar字段02';
COMMENT ON COLUMN "C_RESOURCES"."VARCHAR_03" IS 'varchar字段03';
COMMENT ON COLUMN "C_RESOURCES"."VARCHAR_04" IS 'varchar字段04';
COMMENT ON COLUMN "C_RESOURCES"."VARCHAR_05" IS 'varchar字段05';
COMMENT ON COLUMN "C_RESOURCES"."VARCHAR_06" IS 'varchar字段06';
COMMENT ON COLUMN "C_RESOURCES"."VARCHAR_07" IS 'varchar字段07';
COMMENT ON COLUMN "C_RESOURCES"."VARCHAR_08" IS 'varchar字段08';
COMMENT ON COLUMN "C_RESOURCES"."VARCHAR_09" IS 'varchar字段09';
COMMENT ON COLUMN "C_RESOURCES"."VARCHAR_10" IS 'varchar字段10';
COMMENT ON COLUMN "C_RESOURCES"."VARCHAR_11" IS 'varchar字段11';
COMMENT ON COLUMN "C_RESOURCES"."VARCHAR_12" IS 'varchar字段12';
COMMENT ON COLUMN "C_RESOURCES"."VARCHAR_13" IS 'varchar字段13';
COMMENT ON COLUMN "C_RESOURCES"."VARCHAR_14" IS 'varchar字段14';
COMMENT ON COLUMN "C_RESOURCES"."VARCHAR_15" IS 'varchar字段15';
COMMENT ON COLUMN "C_RESOURCES"."VARCHAR_16" IS 'varchar字段16';
COMMENT ON COLUMN "C_RESOURCES"."VARCHAR_17" IS 'varchar字段17';
COMMENT ON COLUMN "C_RESOURCES"."VARCHAR_18" IS 'varchar字段18';
COMMENT ON COLUMN "C_RESOURCES"."VARCHAR_19" IS 'varchar字段19';
COMMENT ON COLUMN "C_RESOURCES"."INT_01" IS 'int字段01';
COMMENT ON COLUMN "C_RESOURCES"."INT_02" IS 'int字段02';
COMMENT ON COLUMN "C_RESOURCES"."INT_03" IS 'int字段03';
COMMENT ON COLUMN "C_RESOURCES"."INT_04" IS 'int字段04';
COMMENT ON COLUMN "C_RESOURCES"."INT_05" IS 'int字段05';
COMMENT ON COLUMN "C_RESOURCES"."BOOLEAN_01" IS 'boolean字段01';
COMMENT ON COLUMN "C_RESOURCES"."BOOLEAN_02" IS 'boolean字段02';
COMMENT ON COLUMN "C_RESOURCES"."BOOLEAN_03" IS 'boolean字段03';
COMMENT ON COLUMN "C_RESOURCES"."BOOLEAN_04" IS 'boolean字段04';
COMMENT ON COLUMN "C_RESOURCES"."UPDATED_BY_USER_NAME" IS '执行最后一次修改操作的用户名称';


CREATE TABLE C_RESOURCE_DYNAMIC_PROPS
(
  ID number(15) not null primary key,
  NAME varchar(256) DEFAULT '' NOT NULL,
  REMARK varchar(256) DEFAULT '' NOT NULL,
  ACTIONS varchar(256) DEFAULT '' NOT NULL,
  TYPE varchar(50) DEFAULT '0' NOT NULL,
  FILED_NAME varchar(256) DEFAULT ' ' NOT NULL,
  DESCRIPTION varchar(256) DEFAULT ' ' NOT NULL,
  TENANT_ID number(15) DEFAULT 0 NOT NULL,
  APPLICATION_ID number(15) DEFAULT 0 NOT NULL,
  CREATED_TIME number(15) DEFAULT 0 NOT NULL,
  MODIFIED_TIME number(15) DEFAULT 0 NOT NULL,
  -- 更新的人
  UPDATED_BY_USER_NAME varchar(100) DEFAULT '' NOT NULL
) ;
COMMENT ON TABLE "C_RESOURCE_DYNAMIC_PROPS" IS '资源类型配置表';
COMMENT ON COLUMN "C_RESOURCE_DYNAMIC_PROPS"."ID" IS '表主键';
COMMENT ON COLUMN "C_RESOURCE_DYNAMIC_PROPS"."NAME" IS '资源配置名称';
COMMENT ON COLUMN "C_RESOURCE_DYNAMIC_PROPS"."REMARK" IS '备注';
COMMENT ON COLUMN "C_RESOURCE_DYNAMIC_PROPS"."ACTIONS" IS '行为';
COMMENT ON COLUMN "C_RESOURCE_DYNAMIC_PROPS"."TYPE" IS '资源代号';
COMMENT ON COLUMN "C_RESOURCE_DYNAMIC_PROPS"."FILED_NAME" IS '字段名';
COMMENT ON COLUMN "C_RESOURCE_DYNAMIC_PROPS"."DESCRIPTION" IS '字段描述';
COMMENT ON COLUMN "C_RESOURCE_DYNAMIC_PROPS"."TENANT_ID" IS '租户ID';
COMMENT ON COLUMN "C_RESOURCE_DYNAMIC_PROPS"."APPLICATION_ID" IS '应用ID';
COMMENT ON COLUMN "C_RESOURCE_DYNAMIC_PROPS"."CREATED_TIME" IS '创建时间';
COMMENT ON COLUMN "C_RESOURCE_DYNAMIC_PROPS"."MODIFIED_TIME" IS '更新时间';
COMMENT ON COLUMN "C_RESOURCE_DYNAMIC_PROPS"."UPDATED_BY_USER_NAME" IS '最后一次执行修改操作的用户名称';


CREATE TABLE C_ROLES
(
  ID number(15) not null primary key,
  NAME varchar(256) DEFAULT ' ' NOT NULL,
  REMARK varchar(256),
  CREATED_TIME number(15) DEFAULT 0 NOT NULL,
  MODIFIED_TIME number(15) DEFAULT 0 NOT NULL,
  TENANT_ID number(15) DEFAULT 0 NOT NULL,
  APPLICATION_ID number(15) DEFAULT 0 NOT NULL,
  STATUS int DEFAULT 1 NOT NULL,
  -- 更新的人
  UPDATED_BY_USER_NAME varchar(100) DEFAULT ' ' NOT NULL
) ;
COMMENT ON TABLE "C_ROLES" IS '角色表';
COMMENT ON COLUMN "C_ROLES"."ID" IS '表主键';
COMMENT ON COLUMN "C_ROLES"."NAME" IS '角色名称';
COMMENT ON COLUMN "C_ROLES"."REMARK" IS '备注';
COMMENT ON COLUMN "C_ROLES"."CREATED_TIME" IS '创建时间';
COMMENT ON COLUMN "C_ROLES"."MODIFIED_TIME" IS '更新时间';
COMMENT ON COLUMN "C_ROLES"."TENANT_ID" IS '租户ID';
COMMENT ON COLUMN "C_ROLES"."APPLICATION_ID" IS '应用ID';
COMMENT ON COLUMN "C_ROLES"."STATUS" IS '状态';
COMMENT ON COLUMN "C_ROLES"."UPDATED_BY_USER_NAME" IS '最后一次执行修改操作的用户';


CREATE TABLE C_ROLE_PERMISSIONS
(
  ROLE_ID number(15) NOT NULL,
  PERMISSION_ID number(15) NOT NULL,
  ID number(15) not null primary key
) ;
COMMENT ON TABLE "C_ROLE_PERMISSIONS" IS '角色、权限关联表';
COMMENT ON COLUMN "C_ROLE_PERMISSIONS"."ID" IS '表主键';
COMMENT ON COLUMN "C_ROLE_PERMISSIONS"."ROLE_ID" IS '角色ID';
COMMENT ON COLUMN "C_ROLE_PERMISSIONS"."PERMISSION_ID" IS '权限ID';
CREATE INDEX ROLE_ID_INDEX ON C_ROLE_PERMISSIONS(ROLE_ID, PERMISSION_ID);


CREATE TABLE C_ROUTER_GROUP
(
  ID number(15) NOT NULL primary key,
  GROUP_NAME varchar(256) NOT NULL,
  REMARK varchar(256) DEFAULT '' NOT NULL,
  APP_CODE varchar(256) NOT NULL,
  CREATED_TIME number(15) DEFAULT 0 NOT NULL,
  MODIFIED_TIME number(15) DEFAULT 0 NOT NULL,
  -- 更新的人
  UPDATED_BY_USER_NAME varchar(100) DEFAULT '' NOT NULL
) ;
COMMENT ON TABLE "C_ROUTER_GROUP" IS '单点登录应用组表';
COMMENT ON COLUMN "C_ROUTER_GROUP"."ID" IS '表主键';
COMMENT ON COLUMN "C_ROUTER_GROUP"."GROUP_NAME" IS '应用组名称';
COMMENT ON COLUMN "C_ROUTER_GROUP"."REMARK" IS '备注';
COMMENT ON COLUMN "C_ROUTER_GROUP"."APP_CODE" IS '应用标识';
COMMENT ON COLUMN "C_ROUTER_GROUP"."CREATED_TIME" IS '创建时间';
COMMENT ON COLUMN "C_ROUTER_GROUP"."MODIFIED_TIME" IS '更新时间';
COMMENT ON COLUMN "C_ROUTER_GROUP"."UPDATED_BY_USER_NAME" IS '最后一次执行修改操作的用户';


CREATE TABLE C_TENANTS
(
  ID number(15) not null primary key,
  NAME varchar(256) NOT NULL ,
  CREATED_TIME number(15) DEFAULT 0 NOT NULL,
  MODIFIED_TIME number(15) DEFAULT 0 NOT NULL,
  DESCRIPTION varchar(250),
  STATUS int DEFAULT 1 NOT NULL,
  -- 属于paas服务还是saas服务
  SERVICE_MODE varchar(5) DEFAULT 'paas' NOT NULL,
  -- 更新的人
  UPDATED_BY_USER_NAME varchar(100) DEFAULT ' ' NOT NULL,
  RELATED_ALL_USERS varchar(5) DEFAULT 'N' NOT NULL
) ;
COMMENT ON TABLE "C_TENANTS" IS '租户表';
COMMENT ON COLUMN "C_TENANTS"."ID" IS '表主键';
COMMENT ON COLUMN "C_TENANTS"."NAME" IS '租户名称';
COMMENT ON COLUMN "C_TENANTS"."CREATED_TIME" IS '创建时间';
COMMENT ON COLUMN "C_TENANTS"."MODIFIED_TIME" IS '更新时间';
COMMENT ON COLUMN "C_TENANTS"."DESCRIPTION" IS '描述';
COMMENT ON COLUMN "C_TENANTS"."STATUS" IS '状态';
COMMENT ON COLUMN "C_TENANTS"."SERVICE_MODE" IS '平台模式';
COMMENT ON COLUMN "C_TENANTS"."UPDATED_BY_USER_NAME" IS '最后一次执行修改的用户名称';
COMMENT ON COLUMN "C_TENANTS"."RELATED_ALL_USERS" IS '是否自动关联所有用户';


CREATE TABLE C_TOKENS
(
  ID number(15) not null primary key,
  TOKEN varchar(256) NOT NULL ,
  USER_NAME varchar(256) NOT NULL ,
  ROUTER_GROUP_NAME varchar(256),
  CREATED_TIME number(15) DEFAULT 0 NOT NULL,
  MODIFIED_TIME number(15) DEFAULT 0 NOT NULL,
  EXPIRE_TIME number(15) DEFAULT 0 NOT NULL
) ;
COMMENT ON TABLE "C_TOKENS" IS 'token表';
COMMENT ON COLUMN "C_TOKENS"."ID" IS '表主键';
COMMENT ON COLUMN "C_TOKENS"."TOKEN" IS 'token';
COMMENT ON COLUMN "C_TOKENS"."USER_NAME" IS '用户名称';
COMMENT ON COLUMN "C_TOKENS"."ROUTER_GROUP_NAME" IS '应用组名';
COMMENT ON COLUMN "C_TOKENS"."CREATED_TIME" IS '创建时间';
COMMENT ON COLUMN "C_TOKENS"."MODIFIED_TIME" IS '更新时间';
COMMENT ON COLUMN "C_TOKENS"."EXPIRE_TIME" IS '过期时间';


CREATE TABLE C_USERS
(
  ID number(15) not null primary key,
  USER_NAME varchar(256) NOT NULL ,
  CREATED_TIME number(15) DEFAULT 0 NOT NULL,
  MODIFIED_TIME number(15) DEFAULT 0 NOT NULL,
  MOBILE_NUMBER varchar(256),
  EMAIL varchar(256),
  STATUS int DEFAULT 1 NOT NULL,
  BELONG_TO_GARNET varchar(5) NOT NULL,
  -- 更新的人
  UPDATED_BY_USER_NAME varchar(100) DEFAULT ' ' NOT NULL
) ;
COMMENT ON TABLE "C_USERS" IS '用户表';
COMMENT ON COLUMN "C_USERS"."ID" IS '表主键';
COMMENT ON COLUMN "C_USERS"."USER_NAME" IS '用户名称';
COMMENT ON COLUMN "C_USERS"."CREATED_TIME" IS '创建时间';
COMMENT ON COLUMN "C_USERS"."MODIFIED_TIME" IS '更新时间';
COMMENT ON COLUMN "C_USERS"."MOBILE_NUMBER" IS '手机号';
COMMENT ON COLUMN "C_USERS"."EMAIL" IS '邮箱';
COMMENT ON COLUMN "C_USERS"."STATUS" IS '状态';
COMMENT ON COLUMN "C_USERS"."BELONG_TO_GARNET" IS '是否属于Garnet的用户';
COMMENT ON COLUMN "C_USERS"."UPDATED_BY_USER_NAME" IS '最后一次执行更新操作的用户名称';
CREATE INDEX USER_INDEX ON C_USERS(USER_NAME);


CREATE TABLE C_USER_CREDENTIALS
(
  ID number(15) not null primary key,
  CREATED_TIME number(15) DEFAULT 0 NOT NULL,
  MODIFIED_TIME number(15) DEFAULT 0 NOT NULL,
  CREDENTIAL varchar(256) DEFAULT ' ' NOT NULL,
  EXPIRED_DATE_TIME number(15) DEFAULT 0 NOT NULL,
  USER_ID number(15) NOT NULL
) ;
COMMENT ON TABLE "C_USER_CREDENTIALS" IS '用户密码表';
COMMENT ON COLUMN "C_USER_CREDENTIALS"."ID" IS '表主键';
COMMENT ON COLUMN "C_USER_CREDENTIALS"."CREATED_TIME" IS '创建时间';
COMMENT ON COLUMN "C_USER_CREDENTIALS"."MODIFIED_TIME" IS '更新时间';
COMMENT ON COLUMN "C_USER_CREDENTIALS"."CREDENTIAL" IS '密码';
COMMENT ON COLUMN "C_USER_CREDENTIALS"."EXPIRED_DATE_TIME" IS '过期时间';
COMMENT ON COLUMN "C_USER_CREDENTIALS"."USER_ID" IS '用户ID';


CREATE TABLE C_USER_TENANTS
(
  USER_ID number(15) NOT NULL,
  TENANT_ID number(15) NOT NULL,
  ID number(15) not null primary key
) ;
COMMENT ON TABLE "C_USER_TENANTS" IS '用户、租户关联表';
COMMENT ON COLUMN "C_USER_TENANTS"."ID" IS '表主键';
COMMENT ON COLUMN "C_USER_TENANTS"."USER_ID" IS '用户ID';
COMMENT ON COLUMN "C_USER_TENANTS"."TENANT_ID" IS '租户ID';
CREATE INDEX USER_TENANT_INDEX ON C_USER_TENANTS(USER_ID, TENANT_ID);


CREATE TABLE C_USER_TENANT_APPLICATIONS
(
  ID number(15) DEFAULT 0 not null primary key,
  USER_ID number(15),
  TENANT_ID number(15),
  APPLICATION_ID number(15),
  STATUS int DEFAULT 1 NOT NULL
) ;
COMMENT ON TABLE "C_USER_TENANT_APPLICATIONS" IS '用户、租户、应用关联表';
COMMENT ON COLUMN "C_USER_TENANT_APPLICATIONS"."ID" IS '表主键';
COMMENT ON COLUMN "C_USER_TENANT_APPLICATIONS"."USER_ID" IS '用户ID';
COMMENT ON COLUMN "C_USER_TENANT_APPLICATIONS"."TENANT_ID" IS '租户ID';
COMMENT ON COLUMN "C_USER_TENANT_APPLICATIONS"."APPLICATION_ID" IS '应用ID';
COMMENT ON COLUMN "C_USER_TENANT_APPLICATIONS"."STATUS" IS '状态';
CREATE INDEX USER_TENANT_APPLICATION_INDEX ON C_USER_TENANT_APPLICATIONS(USER_ID,TENANT_ID);


CREATE TABLE L_LOGS_D
(
  ID NUMBER(15) DEFAULT 0 NOT NULL primary key,
  CREATED_TIME NUMBER(15) DEFAULT 0 NOT NULL,
  MODIFIED_TIME NUMBER(15) DEFAULT 0 NOT NULL,
  USER_NAME VARCHAR(256) DEFAULT '' NOT NULL ,
  MESSAGE VARCHAR(256) DEFAULT '' NOT NULL ,
  TENANT_ID number(15),
  APPLICATION_ID number(15),
  IP VARCHAR(20),
  DAY_ID VARCHAR(30) DEFAULT to_char(current_timestamp,'yyyymmdd'),
  OPERATION VARCHAR(256)
);
COMMENT ON TABLE "L_LOGS_D" IS '日志表';
COMMENT ON COLUMN "L_LOGS_D"."ID" IS '表主键';
COMMENT ON COLUMN "L_LOGS_D"."CREATED_TIME" IS '创建时间';
COMMENT ON COLUMN "L_LOGS_D"."MODIFIED_TIME" IS '更新时间';
COMMENT ON COLUMN "L_LOGS_D"."USER_NAME" IS '用户名称';
COMMENT ON COLUMN "L_LOGS_D"."MESSAGE" IS '信息';
COMMENT ON COLUMN "L_LOGS_D"."TENANT_ID" IS '租户ID';
COMMENT ON COLUMN "L_LOGS_D"."APPLICATION_ID" IS '应用ID';
COMMENT ON COLUMN "L_LOGS_D"."IP" IS 'IP';
COMMENT ON COLUMN "L_LOGS_D"."DAY_ID" IS '操作日期';
COMMENT ON COLUMN "L_LOGS_D"."OPERATION" IS '操作';


CREATE TABLE C_SYSTEM_CONFIG
(
  ID NUMBER(15) NOT NULL primary key,
  PARAMETER varchar(256),
  VALUE varchar(256)
);
COMMENT ON TABLE "C_SYSTEM_CONFIG" IS '系统配置表';
COMMENT ON COLUMN "C_SYSTEM_CONFIG"."ID" IS '表主键';
COMMENT ON COLUMN "C_SYSTEM_CONFIG"."PARAMETER" IS '模式';
COMMENT ON COLUMN "C_SYSTEM_CONFIG"."VALUE" IS '值';

COMMIT ;



-- 初始化数据
-- C_SYSTEM_CONFIG
INSERT INTO C_SYSTEM_CONFIG VALUES (1, 'mode', 'all');

-- c_users
INSERT INTO C_USERS(ID, USER_NAME, CREATED_TIME, MODIFIED_TIME, STATUS, BELONG_TO_GARNET, UPDATED_BY_USER_NAME) VALUES ('1', 'admin', '1522252800000', '1522252800000', '1', 'Y', 'admin');

-- c_user_credentials
INSERT INTO C_USER_CREDENTIALS(ID, CREATED_TIME, MODIFIED_TIME, CREDENTIAL, EXPIRED_DATE_TIME, USER_ID) VALUES ('1', '1522252800000', '1522252800000', 'admin', '7959830400000', '1');

-- c_tenants
INSERT INTO C_TENANTS(ID, NAME, CREATED_TIME, MODIFIED_TIME, DESCRIPTION, STATUS, SERVICE_MODE, UPDATED_BY_USER_NAME, RELATED_ALL_USERS) VALUES ('1', 'garnet', '1522252800000', '1522252800000', '超级租户', '1', 'saas', 'admin', 'Y');

-- c_user_tenants
INSERT INTO C_USER_TENANTS(USER_ID, TENANT_ID, ID) VALUES ('1', '1', '1');

-- c_application
INSERT INTO C_APPLICATIONS(ID, NAME, COMPANY, APP_CODE, REFRESH_RESOURCES_API, HOSTS, CREATED_TIME, MODIFIED_TIME, STATUS, SERVICE_MODE, UPDATED_BY_USER_NAME, DEFAULT_INDEX_URL) VALUES ('1', 'garnet', 'garnet', 'garnet', '', '', '1522252800000', '1522252800000', '1', 'saas', 'admin', 'http://192.168.108.100:12306/garnet/index.html');

-- c_application_tenants
INSERT INTO C_APPLICATION_TENANTS(APPLICATION_ID, TENANT_ID, ID) VALUES ('1', '1', '1');

-- c_groups
INSERT INTO C_GROUPS(ID, NAME, CREATED_TIME, MODIFIED_TIME, APPLICATION_ID, TENANT_ID, STATUS, UPDATED_BY_USER_NAME) VALUES ('1', '平台管理员组', '1522252800000', '1522252800000', '1', '1', '1', 'admin');
INSERT INTO C_GROUPS(ID, NAME, CREATED_TIME, MODIFIED_TIME, APPLICATION_ID, TENANT_ID, STATUS, UPDATED_BY_USER_NAME) VALUES ('2', 'SaaS模式的租户管理员组', '1522252800001', '1522252800000', '1', '1', '1', 'admin');
INSERT INTO C_GROUPS(ID, NAME, CREATED_TIME, MODIFIED_TIME, APPLICATION_ID, TENANT_ID, STATUS, UPDATED_BY_USER_NAME) VALUES ('3', '普通用户组', '1522252800002', '1522252800000', '1', '1', '1', 'admin');

-- c_roles
INSERT INTO c_roles(ID, NAME, REMARK, CREATED_TIME, MODIFIED_TIME, TENANT_ID, APPLICATION_ID, STATUS, UPDATED_BY_USER_NAME) VALUES('1', '平台管理员', '平台管理员', '1522252800000', '1522252800000', '1', '1', '1', 'admin');
INSERT INTO c_roles(ID, NAME, REMARK, CREATED_TIME, MODIFIED_TIME, TENANT_ID, APPLICATION_ID, STATUS, UPDATED_BY_USER_NAME) VALUES('2', 'SaaS模式的租户管理员', 'SaaS模式的租户管理员', '1522252800001', '1522252800000', '1', '1', '1', 'admin');
INSERT INTO c_roles(ID, NAME, REMARK, CREATED_TIME, MODIFIED_TIME, TENANT_ID, APPLICATION_ID, STATUS, UPDATED_BY_USER_NAME) VALUES('3', '普通用户', '普通用户', '1522252800002', '1522252800000', '1', '1', '1', 'admin');

-- c_permissions
INSERT INTO C_PERMISSIONS(ID, RESOURCE_PATH_WILDCARD, NAME, DESCRIPTION, CREATED_TIME, MODIFIED_TIME, APPLICATION_ID, TENANT_ID, ACTION, STATUS, UPDATED_BY_USER_NAME) VALUES ('1', '/garnet/module/systemManage', '模块分类-系统管理', '模块分类部分的系统管理模块的可访问性', '1522252800000', '1522252800000', '1', '1', 'read', '1', 'admin');
INSERT INTO C_PERMISSIONS(ID, RESOURCE_PATH_WILDCARD, NAME, DESCRIPTION, CREATED_TIME, MODIFIED_TIME, APPLICATION_ID, TENANT_ID, ACTION, STATUS, UPDATED_BY_USER_NAME) VALUES ('2', '/garnet/module/developerOption', '模块分类-开发选项', '模块分类部分的开发选项模块的可访问性', '1522252800001', '1522252800001', '1', '1', 'read', '1', 'admin');
INSERT INTO C_PERMISSIONS(ID, RESOURCE_PATH_WILDCARD, NAME, DESCRIPTION, CREATED_TIME, MODIFIED_TIME, APPLICATION_ID, TENANT_ID, ACTION, STATUS, UPDATED_BY_USER_NAME) VALUES ('3', '/garnet/module/tenantManage', '模块-租户管理', '租户模块的可访问性', '1522252800002', '1522252800002', '1', '1', 'read', '1', 'admin');
INSERT INTO C_PERMISSIONS(ID, RESOURCE_PATH_WILDCARD, NAME, DESCRIPTION, CREATED_TIME, MODIFIED_TIME, APPLICATION_ID, TENANT_ID, ACTION, STATUS, UPDATED_BY_USER_NAME) VALUES ('4', '/garnet/module/applicationManage', '模块-应用管理', '应用模块的可访问性', '1522252800003', '1522252800003', '1', '1', 'read', '1', 'admin');
INSERT INTO C_PERMISSIONS(ID, RESOURCE_PATH_WILDCARD, NAME, DESCRIPTION, CREATED_TIME, MODIFIED_TIME, APPLICATION_ID, TENANT_ID, ACTION, STATUS, UPDATED_BY_USER_NAME) VALUES ('5', '/garnet/module/userManage', '模块-用户管理', '用户模块的可访问性', '1522252800004', '1522252800004', '1', '1', 'read', '1', 'admin');
INSERT INTO C_PERMISSIONS(ID, RESOURCE_PATH_WILDCARD, NAME, DESCRIPTION, CREATED_TIME, MODIFIED_TIME, APPLICATION_ID, TENANT_ID, ACTION, STATUS, UPDATED_BY_USER_NAME) VALUES ('6', '/garnet/module/groupManage', '模块-组管理', '组模块的可访问性', '1522252800005', '1522252800005', '1', '1', 'read', '1', 'admin');
INSERT INTO C_PERMISSIONS(ID, RESOURCE_PATH_WILDCARD, NAME, DESCRIPTION, CREATED_TIME, MODIFIED_TIME, APPLICATION_ID, TENANT_ID, ACTION, STATUS, UPDATED_BY_USER_NAME) VALUES ('7', '/garnet/module/roleManage', '模块-角色管理', '角色模块的可访问性', '1522252800006', '1522252800006', '1', '1', 'read', '1', 'admin');
INSERT INTO C_PERMISSIONS(ID, RESOURCE_PATH_WILDCARD, NAME, DESCRIPTION, CREATED_TIME, MODIFIED_TIME, APPLICATION_ID, TENANT_ID, ACTION, STATUS, UPDATED_BY_USER_NAME) VALUES ('8', '/garnet/module/permissionManage', '模块-权限管理', '权限模块的可访问性', '1522252800007', '1522252800007', '1', '1', 'read', '1', 'admin');
INSERT INTO C_PERMISSIONS(ID, RESOURCE_PATH_WILDCARD, NAME, DESCRIPTION, CREATED_TIME, MODIFIED_TIME, APPLICATION_ID, TENANT_ID, ACTION, STATUS, UPDATED_BY_USER_NAME) VALUES ('9', '/garnet/module/logManage', '模块-日志管理', '日志模块的可访问性', '1522252800008', '1522252800008', '1', '1', 'read', '1', 'admin');
INSERT INTO C_PERMISSIONS(ID, RESOURCE_PATH_WILDCARD, NAME, DESCRIPTION, CREATED_TIME, MODIFIED_TIME, APPLICATION_ID, TENANT_ID, ACTION, STATUS, UPDATED_BY_USER_NAME) VALUES ('10', '/garnet/module/resourceManage', '模块-资源管理', '资源模块的可访问性', '1522252800009', '1522252800009', '1', '1', 'read', '1', 'admin');
INSERT INTO C_PERMISSIONS(ID, RESOURCE_PATH_WILDCARD, NAME, DESCRIPTION, CREATED_TIME, MODIFIED_TIME, APPLICATION_ID, TENANT_ID, ACTION, STATUS, UPDATED_BY_USER_NAME) VALUES ('11', '/garnet/module/resourceTypeManage', '模块-资源类型管理', '资源类型模块的可访问性', '1522252800010', '1522252800010', '1', '1', 'read', '1', 'admin');
INSERT INTO C_PERMISSIONS(ID, RESOURCE_PATH_WILDCARD, NAME, DESCRIPTION, CREATED_TIME, MODIFIED_TIME, APPLICATION_ID, TENANT_ID, ACTION, STATUS, UPDATED_BY_USER_NAME) VALUES ('12', '/garnet/module/ssoManage', '模块-单点登录管理', '单点登录管理模块的可访问性', '1522252800011', '1522252800011', '1', '1', 'read', '1', 'admin');
INSERT INTO C_PERMISSIONS(ID, RESOURCE_PATH_WILDCARD, NAME, DESCRIPTION, CREATED_TIME, MODIFIED_TIME, APPLICATION_ID, TENANT_ID, ACTION, STATUS, UPDATED_BY_USER_NAME) VALUES ('13', '/garnet/button/tenantManage/add', '按钮-租户新增', '租户模块新增按钮的可用性', '1522252800012', '1522252800012', '1', '1', 'read', '1', 'admin');
INSERT INTO C_PERMISSIONS(ID, RESOURCE_PATH_WILDCARD, NAME, DESCRIPTION, CREATED_TIME, MODIFIED_TIME, APPLICATION_ID, TENANT_ID, ACTION, STATUS, UPDATED_BY_USER_NAME) VALUES ('14', '/garnet/button/tenantManage/update', '按钮-租户配置', '租户模块配置按钮的可用性', '1522252800013', '1522252800013', '1', '1', 'read', '1', 'admin');
INSERT INTO C_PERMISSIONS(ID, RESOURCE_PATH_WILDCARD, NAME, DESCRIPTION, CREATED_TIME, MODIFIED_TIME, APPLICATION_ID, TENANT_ID, ACTION, STATUS, UPDATED_BY_USER_NAME) VALUES ('15', '/garnet/button/tenantManage/delete', '按钮-租户删除', '租户模块删除按钮的可用性', '1522252800014', '1522252800014', '1', '1', 'read', '1', 'admin');
INSERT INTO C_PERMISSIONS(ID, RESOURCE_PATH_WILDCARD, NAME, DESCRIPTION, CREATED_TIME, MODIFIED_TIME, APPLICATION_ID, TENANT_ID, ACTION, STATUS, UPDATED_BY_USER_NAME) VALUES ('16', '/garnet/button/applicationManage/add', '按钮-应用新增', '应用模块新增按钮的可用性', '1522252800015', '1522252800015', '1', '1', 'read', '1', 'admin');
INSERT INTO C_PERMISSIONS(ID, RESOURCE_PATH_WILDCARD, NAME, DESCRIPTION, CREATED_TIME, MODIFIED_TIME, APPLICATION_ID, TENANT_ID, ACTION, STATUS, UPDATED_BY_USER_NAME) VALUES ('17', '/garnet/button/applicationManage/update', '按钮-应用配置', '应用模块配置按钮的可用性', '1522252800016', '1522252800016', '1', '1', 'read', '1', 'admin');
INSERT INTO C_PERMISSIONS(ID, RESOURCE_PATH_WILDCARD, NAME, DESCRIPTION, CREATED_TIME, MODIFIED_TIME, APPLICATION_ID, TENANT_ID, ACTION, STATUS, UPDATED_BY_USER_NAME) VALUES ('18', '/garnet/button/applicationManage/delete', '按钮-应用删除', '应用模块删除按钮的可用性', '1522252800017', '1522252800017', '1', '1', 'read', '1', 'admin');
INSERT INTO C_PERMISSIONS(ID, RESOURCE_PATH_WILDCARD, NAME, DESCRIPTION, CREATED_TIME, MODIFIED_TIME, APPLICATION_ID, TENANT_ID, ACTION, STATUS, UPDATED_BY_USER_NAME) VALUES ('19', '/garnet/button/userManage/add', '按钮-用户新增', '用户模块新增按钮的可用性', '1522252800018', '1522252800018', '1', '1', 'read', '1', 'admin');
INSERT INTO C_PERMISSIONS(ID, RESOURCE_PATH_WILDCARD, NAME, DESCRIPTION, CREATED_TIME, MODIFIED_TIME, APPLICATION_ID, TENANT_ID, ACTION, STATUS, UPDATED_BY_USER_NAME) VALUES ('20', '/garnet/button/userManage/update', '按钮-用户配置', '用户模块配置按钮的可用性', '1522252800019', '1522252800019', '1', '1', 'read', '1', 'admin');
INSERT INTO C_PERMISSIONS(ID, RESOURCE_PATH_WILDCARD, NAME, DESCRIPTION, CREATED_TIME, MODIFIED_TIME, APPLICATION_ID, TENANT_ID, ACTION, STATUS, UPDATED_BY_USER_NAME) VALUES ('21', '/garnet/button/userManage/delete', '按钮-用户删除', '用户模块删除按钮的可用性', '1522252800020', '1522252800020', '1', '1', 'read', '1', 'admin');
INSERT INTO C_PERMISSIONS(ID, RESOURCE_PATH_WILDCARD, NAME, DESCRIPTION, CREATED_TIME, MODIFIED_TIME, APPLICATION_ID, TENANT_ID, ACTION, STATUS, UPDATED_BY_USER_NAME) VALUES ('22', '/garnet/button/groupManage/add', '按钮-组新增', '组模块新增按钮的可用性', '1522252800021', '1522252800021', '1', '1', 'read', '1', 'admin');
INSERT INTO C_PERMISSIONS(ID, RESOURCE_PATH_WILDCARD, NAME, DESCRIPTION, CREATED_TIME, MODIFIED_TIME, APPLICATION_ID, TENANT_ID, ACTION, STATUS, UPDATED_BY_USER_NAME) VALUES ('23', '/garnet/button/groupManage/update', '按钮-组配置', '组模块配置按钮的可用性', '1522252800022', '1522252800022', '1', '1', 'read', '1', 'admin');
INSERT INTO C_PERMISSIONS(ID, RESOURCE_PATH_WILDCARD, NAME, DESCRIPTION, CREATED_TIME, MODIFIED_TIME, APPLICATION_ID, TENANT_ID, ACTION, STATUS, UPDATED_BY_USER_NAME) VALUES ('24', '/garnet/button/groupManage/delete', '按钮-组删除', '组模块删除按钮的可用性', '1522252800023', '1522252800023', '1', '1', 'read', '1', 'admin');
INSERT INTO C_PERMISSIONS(ID, RESOURCE_PATH_WILDCARD, NAME, DESCRIPTION, CREATED_TIME, MODIFIED_TIME, APPLICATION_ID, TENANT_ID, ACTION, STATUS, UPDATED_BY_USER_NAME) VALUES ('25', '/garnet/button/roleManage/add', '按钮-角色新增', '角色模块新增按钮的可用性', '1522252800024', '1522252800024', '1', '1', 'read', '1', 'admin');
INSERT INTO C_PERMISSIONS(ID, RESOURCE_PATH_WILDCARD, NAME, DESCRIPTION, CREATED_TIME, MODIFIED_TIME, APPLICATION_ID, TENANT_ID, ACTION, STATUS, UPDATED_BY_USER_NAME) VALUES ('26', '/garnet/button/roleManage/update', '按钮-角色配置', '角色模块配置按钮的可用性', '1522252800025', '1522252800025', '1', '1', 'read', '1', 'admin');
INSERT INTO C_PERMISSIONS(ID, RESOURCE_PATH_WILDCARD, NAME, DESCRIPTION, CREATED_TIME, MODIFIED_TIME, APPLICATION_ID, TENANT_ID, ACTION, STATUS, UPDATED_BY_USER_NAME) VALUES ('27', '/garnet/button/roleManage/delete', '按钮-角色删除', '角色模块删除按钮的可用性', '1522252800026', '1522252800026', '1', '1', 'read', '1', 'admin');
INSERT INTO C_PERMISSIONS(ID, RESOURCE_PATH_WILDCARD, NAME, DESCRIPTION, CREATED_TIME, MODIFIED_TIME, APPLICATION_ID, TENANT_ID, ACTION, STATUS, UPDATED_BY_USER_NAME) VALUES ('28', '/garnet/button/permissionManage/add', '按钮-权限新增', '权限模块新增按钮的可用性', '1522252800027', '1522252800027', '1', '1', 'read', '1', 'admin');
INSERT INTO C_PERMISSIONS(ID, RESOURCE_PATH_WILDCARD, NAME, DESCRIPTION, CREATED_TIME, MODIFIED_TIME, APPLICATION_ID, TENANT_ID, ACTION, STATUS, UPDATED_BY_USER_NAME) VALUES ('29', '/garnet/button/permissionManage/update', '按钮-权限删除', '权限模块配置按钮的可用性', '1522252800028', '1522252800028', '1', '1', 'read', '1', 'admin');
INSERT INTO C_PERMISSIONS(ID, RESOURCE_PATH_WILDCARD, NAME, DESCRIPTION, CREATED_TIME, MODIFIED_TIME, APPLICATION_ID, TENANT_ID, ACTION, STATUS, UPDATED_BY_USER_NAME) VALUES ('30', '/garnet/button/permissionManage/delete', '按钮-权限更新', '权限模块删除按钮的可用性', '1522252800029', '1522252800029', '1', '1', 'read', '1', 'admin');
INSERT INTO C_PERMISSIONS(ID, RESOURCE_PATH_WILDCARD, NAME, DESCRIPTION, CREATED_TIME, MODIFIED_TIME, APPLICATION_ID, TENANT_ID, ACTION, STATUS, UPDATED_BY_USER_NAME) VALUES ('31', '/garnet/button/resourceManage/add', '按钮-资源新增', '资源模块新增按钮的可用性', '1522252800030', '1522252800030', '1', '1', 'read', '1', 'admin');
INSERT INTO C_PERMISSIONS(ID, RESOURCE_PATH_WILDCARD, NAME, DESCRIPTION, CREATED_TIME, MODIFIED_TIME, APPLICATION_ID, TENANT_ID, ACTION, STATUS, UPDATED_BY_USER_NAME) VALUES ('32', '/garnet/button/resourceManage/update', '按钮-资源配置', '资源模块配置按钮的可用性', '1522252800031', '1522252800031', '1', '1', 'read', '1', 'admin');
INSERT INTO C_PERMISSIONS(ID, RESOURCE_PATH_WILDCARD, NAME, DESCRIPTION, CREATED_TIME, MODIFIED_TIME, APPLICATION_ID, TENANT_ID, ACTION, STATUS, UPDATED_BY_USER_NAME) VALUES ('33', '/garnet/button/resourceManage/delete', '按钮-资源删除', '资源模块删除按钮的可用性', '1522252800032', '1522252800032', '1', '1', 'read', '1', 'admin');
INSERT INTO C_PERMISSIONS(ID, RESOURCE_PATH_WILDCARD, NAME, DESCRIPTION, CREATED_TIME, MODIFIED_TIME, APPLICATION_ID, TENANT_ID, ACTION, STATUS, UPDATED_BY_USER_NAME) VALUES ('34', '/garnet/button/resourceTypeManage/add', '按钮-资源类型新增', '资源类型模块新增按钮的可用性', '1522252800033', '1522252800033', '1', '1', 'read', '1', 'admin');
INSERT INTO C_PERMISSIONS(ID, RESOURCE_PATH_WILDCARD, NAME, DESCRIPTION, CREATED_TIME, MODIFIED_TIME, APPLICATION_ID, TENANT_ID, ACTION, STATUS, UPDATED_BY_USER_NAME) VALUES ('35', '/garnet/button/resourceTypeManage/update', '按钮-资源类型配置', '资源类型模块配置按钮的可用性', '1522252800034', '1522252800034', '1', '1', 'read', '1', 'admin');
INSERT INTO C_PERMISSIONS(ID, RESOURCE_PATH_WILDCARD, NAME, DESCRIPTION, CREATED_TIME, MODIFIED_TIME, APPLICATION_ID, TENANT_ID, ACTION, STATUS, UPDATED_BY_USER_NAME) VALUES ('36', '/garnet/button/resourceTypeManage/delete', '按钮-资源类型删除', '资源类型模块删除按钮的可用性', '1522252800035', '1522252800035', '1', '1', 'read', '1', 'admin');
INSERT INTO C_PERMISSIONS(ID, RESOURCE_PATH_WILDCARD, NAME, DESCRIPTION, CREATED_TIME, MODIFIED_TIME, APPLICATION_ID, TENANT_ID, ACTION, STATUS, UPDATED_BY_USER_NAME) VALUES ('37', '/garnet/button/ssoManage/add', '按钮-单点登录新增', '单点登录新增按钮的可用性', '1522252800036', '1522252800036', '1', '1', 'read', '1', 'admin');
INSERT INTO C_PERMISSIONS(ID, RESOURCE_PATH_WILDCARD, NAME, DESCRIPTION, CREATED_TIME, MODIFIED_TIME, APPLICATION_ID, TENANT_ID, ACTION, STATUS, UPDATED_BY_USER_NAME) VALUES ('38', '/garnet/button/ssoManage/update', '按钮-单点登录配置', '单点登录配置按钮的可用性', '1522252800037', '1522252800037', '1', '1', 'read', '1', 'admin');
INSERT INTO C_PERMISSIONS(ID, RESOURCE_PATH_WILDCARD, NAME, DESCRIPTION, CREATED_TIME, MODIFIED_TIME, APPLICATION_ID, TENANT_ID, ACTION, STATUS, UPDATED_BY_USER_NAME) VALUES ('39', '/garnet/button/ssoManage/delete', '按钮-单点登录删除', '单点登录删除按钮的可用性', '1522252800038', '1522252800038', '1', '1', 'read', '1', 'admin');
INSERT INTO C_PERMISSIONS(ID, RESOURCE_PATH_WILDCARD, NAME, DESCRIPTION, CREATED_TIME, MODIFIED_TIME, APPLICATION_ID, TENANT_ID, ACTION, STATUS, UPDATED_BY_USER_NAME) VALUES ('40', '/garnet/data/tenantManage/query/1', '数据-租户数据列表-level1', '加载列表的数据，行为决定有无，level决定级别', '1522252800039', '1522252800039', '1', '1', 'read', '1', 'admin');
INSERT INTO C_PERMISSIONS(ID, RESOURCE_PATH_WILDCARD, NAME, DESCRIPTION, CREATED_TIME, MODIFIED_TIME, APPLICATION_ID, TENANT_ID, ACTION, STATUS, UPDATED_BY_USER_NAME) VALUES ('41', '/garnet/data/tenantManage/query/2', '数据-租户数据列表-level2', '加载列表的数据，行为决定有无，level决定级别', '1522252800040', '1522252800040', '1', '1', 'read', '1', 'admin');
INSERT INTO C_PERMISSIONS(ID, RESOURCE_PATH_WILDCARD, NAME, DESCRIPTION, CREATED_TIME, MODIFIED_TIME, APPLICATION_ID, TENANT_ID, ACTION, STATUS, UPDATED_BY_USER_NAME) VALUES ('42', '/garnet/data/tenantManage/query/3', '数据-租户数据列表-level3', '加载列表的数据，行为决定有无，level决定级别', '1522252800041', '1522252800041', '1', '1', 'read', '1', 'admin');
INSERT INTO C_PERMISSIONS(ID, RESOURCE_PATH_WILDCARD, NAME, DESCRIPTION, CREATED_TIME, MODIFIED_TIME, APPLICATION_ID, TENANT_ID, ACTION, STATUS, UPDATED_BY_USER_NAME) VALUES ('43', '/garnet/data/tenantManage/applicationList/1', '数据-租户管理应用选择列表-level1', '新增/配置时加载应用列表的数据', '1522252800042', '1522252800042', '1', '1', 'read', '1', 'admin');
INSERT INTO C_PERMISSIONS(ID, RESOURCE_PATH_WILDCARD, NAME, DESCRIPTION, CREATED_TIME, MODIFIED_TIME, APPLICATION_ID, TENANT_ID, ACTION, STATUS, UPDATED_BY_USER_NAME) VALUES ('44', '/garnet/data/tenantManage/applicationList/2', '数据-租户管理应用选择列表-level2', '新增/配置时加载应用列表的数据', '1522252800043', '1522252800043', '1', '1', 'read', '1', 'admin');
INSERT INTO C_PERMISSIONS(ID, RESOURCE_PATH_WILDCARD, NAME, DESCRIPTION, CREATED_TIME, MODIFIED_TIME, APPLICATION_ID, TENANT_ID, ACTION, STATUS, UPDATED_BY_USER_NAME) VALUES ('45', '/garnet/option/tenantManage/platformTypes/01', '选项-租户管理平台模式-type01-read', '新建租户时平台模式的选项', '1522252800044', '1522252800044', '1', '1', 'read', '1', 'admin');
INSERT INTO C_PERMISSIONS(ID, RESOURCE_PATH_WILDCARD, NAME, DESCRIPTION, CREATED_TIME, MODIFIED_TIME, APPLICATION_ID, TENANT_ID, ACTION, STATUS, UPDATED_BY_USER_NAME) VALUES ('46', '/garnet/option/tenantManage/platformTypes/01', '选项-租户管理平台模式-type01-edit', '新建租户时平台模式的选项', '1522252800045', '1522252800045', '1', '1', 'edit', '1', 'admin');
INSERT INTO C_PERMISSIONS(ID, RESOURCE_PATH_WILDCARD, NAME, DESCRIPTION, CREATED_TIME, MODIFIED_TIME, APPLICATION_ID, TENANT_ID, ACTION, STATUS, UPDATED_BY_USER_NAME) VALUES ('47', '/garnet/option/tenantManage/platformTypes/10', '选项-租户管理平台模式-type10-read', '新建租户时平台模式的选项', '1522252800046', '1522252800046', '1', '1', 'read', '1', 'admin');
INSERT INTO C_PERMISSIONS(ID, RESOURCE_PATH_WILDCARD, NAME, DESCRIPTION, CREATED_TIME, MODIFIED_TIME, APPLICATION_ID, TENANT_ID, ACTION, STATUS, UPDATED_BY_USER_NAME) VALUES ('48', '/garnet/option/tenantManage/platformTypes/10', '选项-租户管理平台模式-type10-edit', '新建租户时平台模式的选项', '1522252800047', '1522252800047', '1', '1', 'edit', '1', 'admin');
INSERT INTO C_PERMISSIONS(ID, RESOURCE_PATH_WILDCARD, NAME, DESCRIPTION, CREATED_TIME, MODIFIED_TIME, APPLICATION_ID, TENANT_ID, ACTION, STATUS, UPDATED_BY_USER_NAME) VALUES ('49', '/garnet/option/tenantManage/platformTypes/11', '选项-租户管理平台模式-type11-read', '新建租户时平台模式的选项', '1522252800048', '1522252800048', '1', '1', 'read', '1', 'admin');
INSERT INTO C_PERMISSIONS(ID, RESOURCE_PATH_WILDCARD, NAME, DESCRIPTION, CREATED_TIME, MODIFIED_TIME, APPLICATION_ID, TENANT_ID, ACTION, STATUS, UPDATED_BY_USER_NAME) VALUES ('50', '/garnet/option/tenantManage/platformTypes/11', '选项-租户管理平台模式-type11-edit', '新建租户时平台模式的选项', '1522252800049', '1522252800049', '1', '1', 'edit', '1', 'admin');
INSERT INTO C_PERMISSIONS(ID, RESOURCE_PATH_WILDCARD, NAME, DESCRIPTION, CREATED_TIME, MODIFIED_TIME, APPLICATION_ID, TENANT_ID, ACTION, STATUS, UPDATED_BY_USER_NAME) VALUES ('51', '/garnet/option/tenantManage/userRelation', '选项-租户默认关联所有用户-read', '默认关联所有用户的选项，不可见则默认为N', '1522252800050', '1522252800050', '1', '1', 'read', '1', 'admin');
INSERT INTO C_PERMISSIONS(ID, RESOURCE_PATH_WILDCARD, NAME, DESCRIPTION, CREATED_TIME, MODIFIED_TIME, APPLICATION_ID, TENANT_ID, ACTION, STATUS, UPDATED_BY_USER_NAME) VALUES ('176', '/garnet/option/tenantManage/userRelation', '选项-租户默认关联所有用户-edit', '默认关联所有用户的选项，不可见则默认为N', '1522252800051', '1522252800051', '1', '1', 'edit', '1', 'admin');
INSERT INTO C_PERMISSIONS(ID, RESOURCE_PATH_WILDCARD, NAME, DESCRIPTION, CREATED_TIME, MODIFIED_TIME, APPLICATION_ID, TENANT_ID, ACTION, STATUS, UPDATED_BY_USER_NAME) VALUES ('52', '/garnet/data/applicationManage/query/1', '数据-应用列表-level1', '加载列表的数据，行为决定有无，level决定级别', '1522252800052', '1522252800052', '1', '1', 'read', '1', 'admin');
INSERT INTO C_PERMISSIONS(ID, RESOURCE_PATH_WILDCARD, NAME, DESCRIPTION, CREATED_TIME, MODIFIED_TIME, APPLICATION_ID, TENANT_ID, ACTION, STATUS, UPDATED_BY_USER_NAME) VALUES ('53', '/garnet/data/applicationManage/query/2', '数据-应用列表-level2', '加载列表的数据，行为决定有无，level决定级别', '1522252800053', '1522252800053', '1', '1', 'read', '1', 'admin');
INSERT INTO C_PERMISSIONS(ID, RESOURCE_PATH_WILDCARD, NAME, DESCRIPTION, CREATED_TIME, MODIFIED_TIME, APPLICATION_ID, TENANT_ID, ACTION, STATUS, UPDATED_BY_USER_NAME) VALUES ('54', '/garnet/data/applicationManage/query/3', '数据-应用列表-level3', '加载列表的数据，行为决定有无，level决定级别', '1522252800054', '1522252800054', '1', '1', 'read', '1', 'admin');
INSERT INTO C_PERMISSIONS(ID, RESOURCE_PATH_WILDCARD, NAME, DESCRIPTION, CREATED_TIME, MODIFIED_TIME, APPLICATION_ID, TENANT_ID, ACTION, STATUS, UPDATED_BY_USER_NAME) VALUES ('55', '/garnet/data/applicationManage/tenantList/1', '数据-应用管理租户选择列表-level1', '新增/配置应用时加载租户列表的数据', '1522252800055', '1522252800055', '1', '1', 'read', '1', 'admin');
INSERT INTO C_PERMISSIONS(ID, RESOURCE_PATH_WILDCARD, NAME, DESCRIPTION, CREATED_TIME, MODIFIED_TIME, APPLICATION_ID, TENANT_ID, ACTION, STATUS, UPDATED_BY_USER_NAME) VALUES ('56', '/garnet/data/applicationManage/tenantList/2', '数据-应用管理租户选择列表-level2', '新增/配置应用时加载租户列表的数据', '1522252800056', '1522252800056', '1', '1', 'read', '1', 'admin');
INSERT INTO C_PERMISSIONS(ID, RESOURCE_PATH_WILDCARD, NAME, DESCRIPTION, CREATED_TIME, MODIFIED_TIME, APPLICATION_ID, TENANT_ID, ACTION, STATUS, UPDATED_BY_USER_NAME) VALUES ('57', '/garnet/data/applicationManage/tenantList/3', '数据-应用管理租户选择列表-level3', '新增/配置应用时加载租户列表的数据', '1522252800057', '1522252800057', '1', '1', 'read', '1', 'admin');
INSERT INTO C_PERMISSIONS(ID, RESOURCE_PATH_WILDCARD, NAME, DESCRIPTION, CREATED_TIME, MODIFIED_TIME, APPLICATION_ID, TENANT_ID, ACTION, STATUS, UPDATED_BY_USER_NAME) VALUES ('58', '/garnet/option/applicationManage/platformTypes/01', '选项-应用管理平台模式-type01-read', '新建应用时平台模式的选项', '1522252800058', '1522252800058', '1', '1', 'read', '1', 'admin');
INSERT INTO C_PERMISSIONS(ID, RESOURCE_PATH_WILDCARD, NAME, DESCRIPTION, CREATED_TIME, MODIFIED_TIME, APPLICATION_ID, TENANT_ID, ACTION, STATUS, UPDATED_BY_USER_NAME) VALUES ('59', '/garnet/option/applicationManage/platformTypes/01', '选项-应用管理平台模式-type01-edit', '新建应用时平台模式的选项', '1522252800059', '1522252800059', '1', '1', 'edit', '1', 'admin');
INSERT INTO C_PERMISSIONS(ID, RESOURCE_PATH_WILDCARD, NAME, DESCRIPTION, CREATED_TIME, MODIFIED_TIME, APPLICATION_ID, TENANT_ID, ACTION, STATUS, UPDATED_BY_USER_NAME) VALUES ('60', '/garnet/option/applicationManage/platformTypes/10', '选项-应用管理平台模式-type10-read', '新建应用时平台模式的选项', '1522252800060', '1522252800060', '1', '1', 'read', '1', 'admin');
INSERT INTO C_PERMISSIONS(ID, RESOURCE_PATH_WILDCARD, NAME, DESCRIPTION, CREATED_TIME, MODIFIED_TIME, APPLICATION_ID, TENANT_ID, ACTION, STATUS, UPDATED_BY_USER_NAME) VALUES ('61', '/garnet/option/applicationManage/platformTypes/10', '选项-应用管理平台模式-type10-edit', '新建应用时平台模式的选项', '1522252800061', '1522252800061', '1', '1', 'edit', '1', 'admin');
INSERT INTO C_PERMISSIONS(ID, RESOURCE_PATH_WILDCARD, NAME, DESCRIPTION, CREATED_TIME, MODIFIED_TIME, APPLICATION_ID, TENANT_ID, ACTION, STATUS, UPDATED_BY_USER_NAME) VALUES ('62', '/garnet/option/applicationManage/platformTypes/11', '选项-应用管理平台模式-type11-read', '新建应用时平台模式的选项', '1522252800062', '1522252800062', '1', '1', 'read', '1', 'admin');
INSERT INTO C_PERMISSIONS(ID, RESOURCE_PATH_WILDCARD, NAME, DESCRIPTION, CREATED_TIME, MODIFIED_TIME, APPLICATION_ID, TENANT_ID, ACTION, STATUS, UPDATED_BY_USER_NAME) VALUES ('63', '/garnet/option/applicationManage/platformTypes/11', '选项-应用管理平台模式-type11-edit', '新建应用时平台模式的选项', '1522252800063', '1522252800063', '1', '1', 'edit', '1', 'admin');
INSERT INTO C_PERMISSIONS(ID, RESOURCE_PATH_WILDCARD, NAME, DESCRIPTION, CREATED_TIME, MODIFIED_TIME, APPLICATION_ID, TENANT_ID, ACTION, STATUS, UPDATED_BY_USER_NAME) VALUES ('64', '/garnet/data/userManage/query/1', '数据-用户列表-level1', '加载列表的数据，行为决定有无，level决定级别', '1522252800064', '1522252800064', '1', '1', 'read', '1', 'admin');
INSERT INTO C_PERMISSIONS(ID, RESOURCE_PATH_WILDCARD, NAME, DESCRIPTION, CREATED_TIME, MODIFIED_TIME, APPLICATION_ID, TENANT_ID, ACTION, STATUS, UPDATED_BY_USER_NAME) VALUES ('65', '/garnet/data/userManage/query/2', '数据-用户列表-level2', '加载列表的数据，行为决定有无，level决定级别', '1522252800065', '1522252800065', '1', '1', 'read', '1', 'admin');
INSERT INTO C_PERMISSIONS(ID, RESOURCE_PATH_WILDCARD, NAME, DESCRIPTION, CREATED_TIME, MODIFIED_TIME, APPLICATION_ID, TENANT_ID, ACTION, STATUS, UPDATED_BY_USER_NAME) VALUES ('66', '/garnet/data/userManage/query/3', '数据-用户列表-level3', '加载列表的数据，行为决定有无，level决定级别', '1522252800066', '1522252800066', '1', '1', 'read', '1', 'admin');
INSERT INTO C_PERMISSIONS(ID, RESOURCE_PATH_WILDCARD, NAME, DESCRIPTION, CREATED_TIME, MODIFIED_TIME, APPLICATION_ID, TENANT_ID, ACTION, STATUS, UPDATED_BY_USER_NAME) VALUES ('67', '/garnet/data/userManage/query/4', '数据-用户列表-level4', '加载列表的数据，行为决定有无，level决定级别', '1522252800067', '1522252800067', '1', '1', 'read', '1', 'admin');
INSERT INTO C_PERMISSIONS(ID, RESOURCE_PATH_WILDCARD, NAME, DESCRIPTION, CREATED_TIME, MODIFIED_TIME, APPLICATION_ID, TENANT_ID, ACTION, STATUS, UPDATED_BY_USER_NAME) VALUES ('68', '/garnet/data/userManage/tenantList/1', '数据-用户管理关联租户列表-level1', '新增/配置用户时加载关联租户列表的数据', '1522252800068', '1522252800068', '1', '1', 'read', '1', 'admin');
INSERT INTO C_PERMISSIONS(ID, RESOURCE_PATH_WILDCARD, NAME, DESCRIPTION, CREATED_TIME, MODIFIED_TIME, APPLICATION_ID, TENANT_ID, ACTION, STATUS, UPDATED_BY_USER_NAME) VALUES ('69', '/garnet/data/userManage/tenantList/2', '数据-用户管理关联租户列表-level2', '新增/配置用户时加载关联租户列表的数据', '1522252800069', '1522252800069', '1', '1', 'read', '1', 'admin');
INSERT INTO C_PERMISSIONS(ID, RESOURCE_PATH_WILDCARD, NAME, DESCRIPTION, CREATED_TIME, MODIFIED_TIME, APPLICATION_ID, TENANT_ID, ACTION, STATUS, UPDATED_BY_USER_NAME) VALUES ('70', '/garnet/data/userManage/tenantList/3', '数据-用户管理关联租户列表-level3', '新增/配置用户时加载关联租户列表的数据', '1522252800070', '1522252800070', '1', '1', 'read', '1', 'admin');
INSERT INTO C_PERMISSIONS(ID, RESOURCE_PATH_WILDCARD, NAME, DESCRIPTION, CREATED_TIME, MODIFIED_TIME, APPLICATION_ID, TENANT_ID, ACTION, STATUS, UPDATED_BY_USER_NAME) VALUES ('71', '/garnet/data/userManage/garnetGroupList/1', '数据-为用户关联Garnet租户的组-level1', '新增/配置用户时加载关联Garnet租户的组列表的数据', '1522252800071', '1522252800071', '1', '1', 'read', '1', 'admin');
INSERT INTO C_PERMISSIONS(ID, RESOURCE_PATH_WILDCARD, NAME, DESCRIPTION, CREATED_TIME, MODIFIED_TIME, APPLICATION_ID, TENANT_ID, ACTION, STATUS, UPDATED_BY_USER_NAME) VALUES ('72', '/garnet/data/userManage/garnetGroupList/2', '数据-为用户关联Garnet租户的组-level2', '新增/配置用户时加载关联Garnet租户的组列表的数据', '1522252800072', '1522252800072', '1', '1', 'read', '1', 'admin');
INSERT INTO C_PERMISSIONS(ID, RESOURCE_PATH_WILDCARD, NAME, DESCRIPTION, CREATED_TIME, MODIFIED_TIME, APPLICATION_ID, TENANT_ID, ACTION, STATUS, UPDATED_BY_USER_NAME) VALUES ('73', '/garnet/data/userManage/garnetGroupList/3', '数据-为用户关联Garnet租户的组-level3', '新增/配置用户时加载关联Garnet租户的组列表的数据', '1522252800073', '1522252800073', '1', '1', 'read', '1', 'admin');
INSERT INTO C_PERMISSIONS(ID, RESOURCE_PATH_WILDCARD, NAME, DESCRIPTION, CREATED_TIME, MODIFIED_TIME, APPLICATION_ID, TENANT_ID, ACTION, STATUS, UPDATED_BY_USER_NAME) VALUES ('74', '/garnet/data/groupManage/query/1', '数据-组列表-level1', '加载列表的数据，行为决定有无，level决定级别', '1522252800074', '1522252800074', '1', '1', 'read', '1', 'admin');
INSERT INTO C_PERMISSIONS(ID, RESOURCE_PATH_WILDCARD, NAME, DESCRIPTION, CREATED_TIME, MODIFIED_TIME, APPLICATION_ID, TENANT_ID, ACTION, STATUS, UPDATED_BY_USER_NAME) VALUES ('75', '/garnet/data/groupManage/query/2', '数据-组列表-level2', '加载列表的数据，行为决定有无，level决定级别', '1522252800075', '1522252800075', '1', '1', 'read', '1', 'admin');
INSERT INTO C_PERMISSIONS(ID, RESOURCE_PATH_WILDCARD, NAME, DESCRIPTION, CREATED_TIME, MODIFIED_TIME, APPLICATION_ID, TENANT_ID, ACTION, STATUS, UPDATED_BY_USER_NAME) VALUES ('76', '/garnet/data/groupManage/query/3', '数据-组列表-level3', '加载列表的数据，行为决定有无，level决定级别', '1522252800076', '1522252800076', '1', '1', 'read', '1', 'admin');
INSERT INTO C_PERMISSIONS(ID, RESOURCE_PATH_WILDCARD, NAME, DESCRIPTION, CREATED_TIME, MODIFIED_TIME, APPLICATION_ID, TENANT_ID, ACTION, STATUS, UPDATED_BY_USER_NAME) VALUES ('77', 'garnet/option/groupManage/types/001', '选项-组管理新增页类型-type001-read', '新增页面的类型选项', '1522252800077', '1522252800077', '1', '1', 'read', '1', 'admin');
INSERT INTO C_PERMISSIONS(ID, RESOURCE_PATH_WILDCARD, NAME, DESCRIPTION, CREATED_TIME, MODIFIED_TIME, APPLICATION_ID, TENANT_ID, ACTION, STATUS, UPDATED_BY_USER_NAME) VALUES ('78', 'garnet/option/groupManage/types/001', '选项-组管理新增页类型-type001-edit', '新增页面的类型选项', '1522252800078', '1522252800078', '1', '1', 'edit', '1', 'admin');
INSERT INTO C_PERMISSIONS(ID, RESOURCE_PATH_WILDCARD, NAME, DESCRIPTION, CREATED_TIME, MODIFIED_TIME, APPLICATION_ID, TENANT_ID, ACTION, STATUS, UPDATED_BY_USER_NAME) VALUES ('79', '/garnet/option/groupManage/types/010', '选项-组管理新增页类型-type010-read', '新增页面的类型选项', '1522252800079', '1522252800079', '1', '1', 'read', '1', 'admin');
INSERT INTO C_PERMISSIONS(ID, RESOURCE_PATH_WILDCARD, NAME, DESCRIPTION, CREATED_TIME, MODIFIED_TIME, APPLICATION_ID, TENANT_ID, ACTION, STATUS, UPDATED_BY_USER_NAME) VALUES ('80', '/garnet/option/groupManage/types/010', '选项-组管理新增页类型-type010-edit', '新增页面的类型选项', '1522252800080', '1522252800080', '1', '1', 'edit', '1', 'admin');
INSERT INTO C_PERMISSIONS(ID, RESOURCE_PATH_WILDCARD, NAME, DESCRIPTION, CREATED_TIME, MODIFIED_TIME, APPLICATION_ID, TENANT_ID, ACTION, STATUS, UPDATED_BY_USER_NAME) VALUES ('81', '/garnet/option/groupManage/types/011', '选项-组管理新增页类型-type011-read', '新增页面的类型选项', '1522252800081', '1522252800081', '1', '1', 'read', '1', 'admin');
INSERT INTO C_PERMISSIONS(ID, RESOURCE_PATH_WILDCARD, NAME, DESCRIPTION, CREATED_TIME, MODIFIED_TIME, APPLICATION_ID, TENANT_ID, ACTION, STATUS, UPDATED_BY_USER_NAME) VALUES ('82', '/garnet/option/groupManage/types/011', '选项-组管理新增页类型-type011-edit', '新增页面的类型选项', '1522252800082', '1522252800082', '1', '1', 'edit', '1', 'admin');
INSERT INTO C_PERMISSIONS(ID, RESOURCE_PATH_WILDCARD, NAME, DESCRIPTION, CREATED_TIME, MODIFIED_TIME, APPLICATION_ID, TENANT_ID, ACTION, STATUS, UPDATED_BY_USER_NAME) VALUES ('83', '/garnet/option/groupManage/types/100', '选项-组管理新增页类型-type100-read', '新增页面的类型选项', '1522252800083', '1522252800083', '1', '1', 'read', '1', 'admin');
INSERT INTO C_PERMISSIONS(ID, RESOURCE_PATH_WILDCARD, NAME, DESCRIPTION, CREATED_TIME, MODIFIED_TIME, APPLICATION_ID, TENANT_ID, ACTION, STATUS, UPDATED_BY_USER_NAME) VALUES ('84', '/garnet/option/groupManage/types/100', '选项-组管理新增页类型-type100-edit', '新增页面的类型选项', '1522252800084', '1522252800084', '1', '1', 'edit', '1', 'admin');
INSERT INTO C_PERMISSIONS(ID, RESOURCE_PATH_WILDCARD, NAME, DESCRIPTION, CREATED_TIME, MODIFIED_TIME, APPLICATION_ID, TENANT_ID, ACTION, STATUS, UPDATED_BY_USER_NAME) VALUES ('85', '/garnet/option/groupManage/types/101', '选项-组管理新增页类型-type101-read', '新增页面的类型选项', '1522252800085', '1522252800085', '1', '1', 'read', '1', 'admin');
INSERT INTO C_PERMISSIONS(ID, RESOURCE_PATH_WILDCARD, NAME, DESCRIPTION, CREATED_TIME, MODIFIED_TIME, APPLICATION_ID, TENANT_ID, ACTION, STATUS, UPDATED_BY_USER_NAME) VALUES ('86', '/garnet/option/groupManage/types/101', '选项-组管理新增页类型-type101-edit', '新增页面的类型选项', '1522252800086', '1522252800086', '1', '1', 'edit', '1', 'admin');
INSERT INTO C_PERMISSIONS(ID, RESOURCE_PATH_WILDCARD, NAME, DESCRIPTION, CREATED_TIME, MODIFIED_TIME, APPLICATION_ID, TENANT_ID, ACTION, STATUS, UPDATED_BY_USER_NAME) VALUES ('87', '/garnet/option/groupManage/types/110', '选项-组管理新增页类型-type110-read', '新增页面的类型选项', '1522252800087', '1522252800087', '1', '1', 'read', '1', 'admin');
INSERT INTO C_PERMISSIONS(ID, RESOURCE_PATH_WILDCARD, NAME, DESCRIPTION, CREATED_TIME, MODIFIED_TIME, APPLICATION_ID, TENANT_ID, ACTION, STATUS, UPDATED_BY_USER_NAME) VALUES ('88', '/garnet/option/groupManage/types/110', '选项-组管理新增页类型-type110-edit', '新增页面的类型选项', '1522252800088', '1522252800088', '1', '1', 'edit', '1', 'admin');
INSERT INTO C_PERMISSIONS(ID, RESOURCE_PATH_WILDCARD, NAME, DESCRIPTION, CREATED_TIME, MODIFIED_TIME, APPLICATION_ID, TENANT_ID, ACTION, STATUS, UPDATED_BY_USER_NAME) VALUES ('89', '/garnet/option/groupManage/types/111', '选项-组管理新增页类型-type111-read', '新增页面的类型选项', '1522252800089', '1522252800089', '1', '1', 'read', '1', 'admin');
INSERT INTO C_PERMISSIONS(ID, RESOURCE_PATH_WILDCARD, NAME, DESCRIPTION, CREATED_TIME, MODIFIED_TIME, APPLICATION_ID, TENANT_ID, ACTION, STATUS, UPDATED_BY_USER_NAME) VALUES ('90', '/garnet/option/groupManage/types/111', '选项-组管理新增页类型-type111-edit', '新增页面的类型选项', '1522252800090', '1522252800090', '1', '1', 'edit', '1', 'admin');
INSERT INTO C_PERMISSIONS(ID, RESOURCE_PATH_WILDCARD, NAME, DESCRIPTION, CREATED_TIME, MODIFIED_TIME, APPLICATION_ID, TENANT_ID, ACTION, STATUS, UPDATED_BY_USER_NAME) VALUES ('91', '/garnet/data/groupManage/tenantList/1', '数据-组管理新增编辑页租户列表-level1', '选择租户或租户+应用类型时，租户的可加载列表', '1522252800091', '1522252800091', '1', '1', 'read', '1', 'admin');
INSERT INTO C_PERMISSIONS(ID, RESOURCE_PATH_WILDCARD, NAME, DESCRIPTION, CREATED_TIME, MODIFIED_TIME, APPLICATION_ID, TENANT_ID, ACTION, STATUS, UPDATED_BY_USER_NAME) VALUES ('92', '/garnet/data/groupManage/tenantList/2', '数据-组管理新增编辑页租户列表-level2', '选择租户或租户+应用类型时，租户的可加载列表', '1522252800092', '1522252800092', '1', '1', 'read', '1', 'admin');
INSERT INTO C_PERMISSIONS(ID, RESOURCE_PATH_WILDCARD, NAME, DESCRIPTION, CREATED_TIME, MODIFIED_TIME, APPLICATION_ID, TENANT_ID, ACTION, STATUS, UPDATED_BY_USER_NAME) VALUES ('93', '/garnet/data/groupManage/tenantList/3', '数据-组管理新增编辑页租户列表-level3', '选择租户或租户+应用类型时，租户的可加载列表', '1522252800093', '1522252800093', '1', '1', 'read', '1', 'admin');
INSERT INTO C_PERMISSIONS(ID, RESOURCE_PATH_WILDCARD, NAME, DESCRIPTION, CREATED_TIME, MODIFIED_TIME, APPLICATION_ID, TENANT_ID, ACTION, STATUS, UPDATED_BY_USER_NAME) VALUES ('94', '/garnet/data/roleManage/query/1', '数据-角色列表-level1', '加载列表的数据，行为决定有无，level决定级别', '1522252800094', '1522252800094', '1', '1', 'read', '1', 'admin');
INSERT INTO C_PERMISSIONS(ID, RESOURCE_PATH_WILDCARD, NAME, DESCRIPTION, CREATED_TIME, MODIFIED_TIME, APPLICATION_ID, TENANT_ID, ACTION, STATUS, UPDATED_BY_USER_NAME) VALUES ('95', '/garnet/data/roleManage/query/2', '数据-角色列表-level2', '加载列表的数据，行为决定有无，level决定级别', '1522252800095', '1522252800095', '1', '1', 'read', '1', 'admin');
INSERT INTO C_PERMISSIONS(ID, RESOURCE_PATH_WILDCARD, NAME, DESCRIPTION, CREATED_TIME, MODIFIED_TIME, APPLICATION_ID, TENANT_ID, ACTION, STATUS, UPDATED_BY_USER_NAME) VALUES ('96', '/garnet/data/roleManage/query/3', '数据-角色列表-level3', '加载列表的数据，行为决定有无，level决定级别', '1522252800096', '1522252800096', '1', '1', 'read', '1', 'admin');
INSERT INTO C_PERMISSIONS(ID, RESOURCE_PATH_WILDCARD, NAME, DESCRIPTION, CREATED_TIME, MODIFIED_TIME, APPLICATION_ID, TENANT_ID, ACTION, STATUS, UPDATED_BY_USER_NAME) VALUES ('97', '/garnet/option/roleManage/types/001', '选项-角色管理新增页类型-type001-read', '新增页面的类型选项', '1522252800097', '1522252800097', '1', '1', 'read', '1', 'admin');
INSERT INTO C_PERMISSIONS(ID, RESOURCE_PATH_WILDCARD, NAME, DESCRIPTION, CREATED_TIME, MODIFIED_TIME, APPLICATION_ID, TENANT_ID, ACTION, STATUS, UPDATED_BY_USER_NAME) VALUES ('98', '/garnet/option/roleManage/types/001', '选项-角色管理新增页类型-type001-edit', '新增页面的类型选项', '1522252800098', '1522252800098', '1', '1', 'edit', '1', 'admin');
INSERT INTO C_PERMISSIONS(ID, RESOURCE_PATH_WILDCARD, NAME, DESCRIPTION, CREATED_TIME, MODIFIED_TIME, APPLICATION_ID, TENANT_ID, ACTION, STATUS, UPDATED_BY_USER_NAME) VALUES ('99', '/garnet/option/roleManage/types/010', '选项-角色管理新增页类型-type010-read', '新增页面的类型选项', '1522252800099', '1522252800099', '1', '1', 'read', '1', 'admin');
INSERT INTO C_PERMISSIONS(ID, RESOURCE_PATH_WILDCARD, NAME, DESCRIPTION, CREATED_TIME, MODIFIED_TIME, APPLICATION_ID, TENANT_ID, ACTION, STATUS, UPDATED_BY_USER_NAME) VALUES ('100', '/garnet/option/roleManage/types/010', '选项-角色管理新增页类型-type010-edit', '新增页面的类型选项', '1522252800100', '1522252800100', '1', '1', 'edit', '1', 'admin');
INSERT INTO C_PERMISSIONS(ID, RESOURCE_PATH_WILDCARD, NAME, DESCRIPTION, CREATED_TIME, MODIFIED_TIME, APPLICATION_ID, TENANT_ID, ACTION, STATUS, UPDATED_BY_USER_NAME) VALUES ('101', '/garnet/option/roleManage/types/011', '选项-角色管理新增页类型-type011-read', '新增页面的类型选项', '1522252800101', '1522252800101', '1', '1', 'read', '1', 'admin');
INSERT INTO C_PERMISSIONS(ID, RESOURCE_PATH_WILDCARD, NAME, DESCRIPTION, CREATED_TIME, MODIFIED_TIME, APPLICATION_ID, TENANT_ID, ACTION, STATUS, UPDATED_BY_USER_NAME) VALUES ('102', '/garnet/option/roleManage/types/011', '选项-角色管理新增页类型-type011-edit', '新增页面的类型选项', '1522252800102', '1522252800102', '1', '1', 'edit', '1', 'admin');
INSERT INTO C_PERMISSIONS(ID, RESOURCE_PATH_WILDCARD, NAME, DESCRIPTION, CREATED_TIME, MODIFIED_TIME, APPLICATION_ID, TENANT_ID, ACTION, STATUS, UPDATED_BY_USER_NAME) VALUES ('103', '/garnet/option/roleManage/types/100', '选项-角色管理新增页类型-type100-read', '新增页面的类型选项', '1522252800103', '1522252800103', '1', '1', 'read', '1', 'admin');
INSERT INTO C_PERMISSIONS(ID, RESOURCE_PATH_WILDCARD, NAME, DESCRIPTION, CREATED_TIME, MODIFIED_TIME, APPLICATION_ID, TENANT_ID, ACTION, STATUS, UPDATED_BY_USER_NAME) VALUES ('104', '/garnet/option/roleManage/types/100', '选项-角色管理新增页类型-type100-edit', '新增页面的类型选项', '1522252800104', '1522252800104', '1', '1', 'edit', '1', 'admin');
INSERT INTO C_PERMISSIONS(ID, RESOURCE_PATH_WILDCARD, NAME, DESCRIPTION, CREATED_TIME, MODIFIED_TIME, APPLICATION_ID, TENANT_ID, ACTION, STATUS, UPDATED_BY_USER_NAME) VALUES ('105', '/garnet/option/roleManage/types/101', '选项-角色管理新增页类型-type101-read', '新增页面的类型选项', '1522252800105', '1522252800105', '1', '1', 'read', '1', 'admin');
INSERT INTO C_PERMISSIONS(ID, RESOURCE_PATH_WILDCARD, NAME, DESCRIPTION, CREATED_TIME, MODIFIED_TIME, APPLICATION_ID, TENANT_ID, ACTION, STATUS, UPDATED_BY_USER_NAME) VALUES ('106', '/garnet/option/roleManage/types/101', '选项-角色管理新增页类型-type101-edit', '新增页面的类型选项', '1522252800106', '1522252800106', '1', '1', 'edit', '1', 'admin');
INSERT INTO C_PERMISSIONS(ID, RESOURCE_PATH_WILDCARD, NAME, DESCRIPTION, CREATED_TIME, MODIFIED_TIME, APPLICATION_ID, TENANT_ID, ACTION, STATUS, UPDATED_BY_USER_NAME) VALUES ('107', '/garnet/option/roleManage/types/110', '选项-角色管理新增页类型-type110-read', '新增页面的类型选项', '1522252800107', '1522252800107', '1', '1', 'read', '1', 'admin');
INSERT INTO C_PERMISSIONS(ID, RESOURCE_PATH_WILDCARD, NAME, DESCRIPTION, CREATED_TIME, MODIFIED_TIME, APPLICATION_ID, TENANT_ID, ACTION, STATUS, UPDATED_BY_USER_NAME) VALUES ('108', '/garnet/option/roleManage/types/110', '选项-角色管理新增页类型-type110-edit', '新增页面的类型选项', '1522252800108', '1522252800108', '1', '1', 'edit', '1', 'admin');
INSERT INTO C_PERMISSIONS(ID, RESOURCE_PATH_WILDCARD, NAME, DESCRIPTION, CREATED_TIME, MODIFIED_TIME, APPLICATION_ID, TENANT_ID, ACTION, STATUS, UPDATED_BY_USER_NAME) VALUES ('109', '/garnet/option/roleManage/types/111', '选项-角色管理新增页类型-type111-read', '新增页面的类型选项', '1522252800109', '1522252800109', '1', '1', 'read', '1', 'admin');
INSERT INTO C_PERMISSIONS(ID, RESOURCE_PATH_WILDCARD, NAME, DESCRIPTION, CREATED_TIME, MODIFIED_TIME, APPLICATION_ID, TENANT_ID, ACTION, STATUS, UPDATED_BY_USER_NAME) VALUES ('110', '/garnet/option/roleManage/types/111', '选项-角色管理新增页类型-type111-edit', '新增页面的类型选项', '1522252800110', '1522252800110', '1', '1', 'edit', '1', 'admin');
INSERT INTO C_PERMISSIONS(ID, RESOURCE_PATH_WILDCARD, NAME, DESCRIPTION, CREATED_TIME, MODIFIED_TIME, APPLICATION_ID, TENANT_ID, ACTION, STATUS, UPDATED_BY_USER_NAME) VALUES ('111', '/garnet/data/roleManage/tenantList/1', '数据-角色管理新增编辑页租户列表-level1', '选择租户或租户+应用类型时，租户的可加载列表', '1522252800111', '1522252800111', '1', '1', 'read', '1', 'admin');
INSERT INTO C_PERMISSIONS(ID, RESOURCE_PATH_WILDCARD, NAME, DESCRIPTION, CREATED_TIME, MODIFIED_TIME, APPLICATION_ID, TENANT_ID, ACTION, STATUS, UPDATED_BY_USER_NAME) VALUES ('112', '/garnet/data/roleManage/tenantList/2', '数据-角色管理新增编辑页租户列表-level2', '选择租户或租户+应用类型时，租户的可加载列表', '1522252800112', '1522252800112', '1', '1', 'read', '1', 'admin');
INSERT INTO C_PERMISSIONS(ID, RESOURCE_PATH_WILDCARD, NAME, DESCRIPTION, CREATED_TIME, MODIFIED_TIME, APPLICATION_ID, TENANT_ID, ACTION, STATUS, UPDATED_BY_USER_NAME) VALUES ('113', '/garnet/data/roleManage/tenantList/3', '数据-角色管理新增编辑页租户列表-level3', '选择租户或租户+应用类型时，租户的可加载列表', '1522252800113', '1522252800113', '1', '1', 'read', '1', 'admin');
INSERT INTO C_PERMISSIONS(ID, RESOURCE_PATH_WILDCARD, NAME, DESCRIPTION, CREATED_TIME, MODIFIED_TIME, APPLICATION_ID, TENANT_ID, ACTION, STATUS, UPDATED_BY_USER_NAME) VALUES ('114', '/garnet/data/permissionManage/query/1', '数据-权限列表-level1', '加载列表的数据，行为决定有无，level决定级别', '1522252800114', '1522252800114', '1', '1', 'read', '1', 'admin');
INSERT INTO C_PERMISSIONS(ID, RESOURCE_PATH_WILDCARD, NAME, DESCRIPTION, CREATED_TIME, MODIFIED_TIME, APPLICATION_ID, TENANT_ID, ACTION, STATUS, UPDATED_BY_USER_NAME) VALUES ('115', '/garnet/data/permissionManage/query/2', '数据-权限列表-level2', '加载列表的数据，行为决定有无，level决定级别', '1522252800115', '1522252800115', '1', '1', 'read', '1', 'admin');
INSERT INTO C_PERMISSIONS(ID, RESOURCE_PATH_WILDCARD, NAME, DESCRIPTION, CREATED_TIME, MODIFIED_TIME, APPLICATION_ID, TENANT_ID, ACTION, STATUS, UPDATED_BY_USER_NAME) VALUES ('116', '/garnet/data/permissionManage/query/3', '数据-权限列表-level3', '加载列表的数据，行为决定有无，level决定级别', '1522252800116', '1522252800116', '1', '1', 'read', '1', 'admin');
INSERT INTO C_PERMISSIONS(ID, RESOURCE_PATH_WILDCARD, NAME, DESCRIPTION, CREATED_TIME, MODIFIED_TIME, APPLICATION_ID, TENANT_ID, ACTION, STATUS, UPDATED_BY_USER_NAME) VALUES ('117', '/garnet/option/permissionManage/types/001', '选项-权限管理新增页类型-type001-read', '新增页面的类型选项', '1522252800117', '1522252800117', '1', '1', 'read', '1', 'admin');
INSERT INTO C_PERMISSIONS(ID, RESOURCE_PATH_WILDCARD, NAME, DESCRIPTION, CREATED_TIME, MODIFIED_TIME, APPLICATION_ID, TENANT_ID, ACTION, STATUS, UPDATED_BY_USER_NAME) VALUES ('118', '/garnet/option/permissionManage/types/001', '选项-权限管理新增页类型-type001-edit', '新增页面的类型选项', '1522252800118', '1522252800118', '1', '1', 'edit', '1', 'admin');
INSERT INTO C_PERMISSIONS(ID, RESOURCE_PATH_WILDCARD, NAME, DESCRIPTION, CREATED_TIME, MODIFIED_TIME, APPLICATION_ID, TENANT_ID, ACTION, STATUS, UPDATED_BY_USER_NAME) VALUES ('119', '/garnet/option/permissionManage/types/010', '选项-权限管理新增页类型-type010-read', '新增页面的类型选项', '1522252800119', '1522252800119', '1', '1', 'read', '1', 'admin');
INSERT INTO C_PERMISSIONS(ID, RESOURCE_PATH_WILDCARD, NAME, DESCRIPTION, CREATED_TIME, MODIFIED_TIME, APPLICATION_ID, TENANT_ID, ACTION, STATUS, UPDATED_BY_USER_NAME) VALUES ('120', '/garnet/option/permissionManage/types/010', '选项-权限管理新增页类型-type010-edit', '新增页面的类型选项', '1522252800120', '1522252800120', '1', '1', 'edit', '1', 'admin');
INSERT INTO C_PERMISSIONS(ID, RESOURCE_PATH_WILDCARD, NAME, DESCRIPTION, CREATED_TIME, MODIFIED_TIME, APPLICATION_ID, TENANT_ID, ACTION, STATUS, UPDATED_BY_USER_NAME) VALUES ('121', '/garnet/option/permissionManage/types/011', '选项-权限管理新增页类型-type011-read', '新增页面的类型选项', '1522252800121', '1522252800121', '1', '1', 'read', '1', 'admin');
INSERT INTO C_PERMISSIONS(ID, RESOURCE_PATH_WILDCARD, NAME, DESCRIPTION, CREATED_TIME, MODIFIED_TIME, APPLICATION_ID, TENANT_ID, ACTION, STATUS, UPDATED_BY_USER_NAME) VALUES ('122', '/garnet/option/permissionManage/types/011', '选项-权限管理新增页类型-type011-edit', '新增页面的类型选项', '1522252800122', '1522252800122', '1', '1', 'edit', '1', 'admin');
INSERT INTO C_PERMISSIONS(ID, RESOURCE_PATH_WILDCARD, NAME, DESCRIPTION, CREATED_TIME, MODIFIED_TIME, APPLICATION_ID, TENANT_ID, ACTION, STATUS, UPDATED_BY_USER_NAME) VALUES ('123', '/garnet/option/permissionManage/types/100', '选项-权限管理新增页类型-type100-read', '新增页面的类型选项', '1522252800123', '1522252800123', '1', '1', 'read', '1', 'admin');
INSERT INTO C_PERMISSIONS(ID, RESOURCE_PATH_WILDCARD, NAME, DESCRIPTION, CREATED_TIME, MODIFIED_TIME, APPLICATION_ID, TENANT_ID, ACTION, STATUS, UPDATED_BY_USER_NAME) VALUES ('124', '/garnet/option/permissionManage/types/100', '选项-权限管理新增页类型-type100-edit', '新增页面的类型选项', '1522252800124', '1522252800124', '1', '1', 'edit', '1', 'admin');
INSERT INTO C_PERMISSIONS(ID, RESOURCE_PATH_WILDCARD, NAME, DESCRIPTION, CREATED_TIME, MODIFIED_TIME, APPLICATION_ID, TENANT_ID, ACTION, STATUS, UPDATED_BY_USER_NAME) VALUES ('125', '/garnet/option/permissionManage/types/101', '选项-权限管理新增页类型-type101-read', '新增页面的类型选项', '1522252800125', '1522252800125', '1', '1', 'read', '1', 'admin');
INSERT INTO C_PERMISSIONS(ID, RESOURCE_PATH_WILDCARD, NAME, DESCRIPTION, CREATED_TIME, MODIFIED_TIME, APPLICATION_ID, TENANT_ID, ACTION, STATUS, UPDATED_BY_USER_NAME) VALUES ('126', '/garnet/option/permissionManage/types/101', '选项-权限管理新增页类型-type101-edit', '新增页面的类型选项', '1522252800126', '1522252800126', '1', '1', 'edit', '1', 'admin');
INSERT INTO C_PERMISSIONS(ID, RESOURCE_PATH_WILDCARD, NAME, DESCRIPTION, CREATED_TIME, MODIFIED_TIME, APPLICATION_ID, TENANT_ID, ACTION, STATUS, UPDATED_BY_USER_NAME) VALUES ('127', '/garnet/option/permissionManage/types/110', '选项-权限管理新增页类型-type110-read', '新增页面的类型选项', '1522252800127', '1522252800127', '1', '1', 'read', '1', 'admin');
INSERT INTO C_PERMISSIONS(ID, RESOURCE_PATH_WILDCARD, NAME, DESCRIPTION, CREATED_TIME, MODIFIED_TIME, APPLICATION_ID, TENANT_ID, ACTION, STATUS, UPDATED_BY_USER_NAME) VALUES ('128', '/garnet/option/permissionManage/types/110', '选项-权限管理新增页类型-type110-edit', '新增页面的类型选项', '1522252800128', '1522252800128', '1', '1', 'edit', '1', 'admin');
INSERT INTO C_PERMISSIONS(ID, RESOURCE_PATH_WILDCARD, NAME, DESCRIPTION, CREATED_TIME, MODIFIED_TIME, APPLICATION_ID, TENANT_ID, ACTION, STATUS, UPDATED_BY_USER_NAME) VALUES ('129', '/garnet/option/permissionManage/types/111', '选项-权限管理新增页类型-type111-read', '新增页面的类型选项', '1522252800129', '1522252800129', '1', '1', 'read', '1', 'admin');
INSERT INTO C_PERMISSIONS(ID, RESOURCE_PATH_WILDCARD, NAME, DESCRIPTION, CREATED_TIME, MODIFIED_TIME, APPLICATION_ID, TENANT_ID, ACTION, STATUS, UPDATED_BY_USER_NAME) VALUES ('130', '/garnet/option/permissionManage/types/111', '选项-权限管理新增页类型-type111-edit', '新增页面的类型选项', '1522252800130', '1522252800130', '1', '1', 'edit', '1', 'admin');
INSERT INTO C_PERMISSIONS(ID, RESOURCE_PATH_WILDCARD, NAME, DESCRIPTION, CREATED_TIME, MODIFIED_TIME, APPLICATION_ID, TENANT_ID, ACTION, STATUS, UPDATED_BY_USER_NAME) VALUES ('131', '/garnet/data/permissionManage/tenantList/1', '数据-权限管理新增编辑页租户列表-level1', '选择租户或租户+应用类型时，租户的可加载列表', '1522252800131', '1522252800131', '1', '1', 'read', '1', 'admin');
INSERT INTO C_PERMISSIONS(ID, RESOURCE_PATH_WILDCARD, NAME, DESCRIPTION, CREATED_TIME, MODIFIED_TIME, APPLICATION_ID, TENANT_ID, ACTION, STATUS, UPDATED_BY_USER_NAME) VALUES ('132', '/garnet/data/permissionManage/tenantList/2', '数据-权限管理新增编辑页租户列表-level2', '选择租户或租户+应用类型时，租户的可加载列表', '1522252800132', '1522252800132', '1', '1', 'read', '1', 'admin');
INSERT INTO C_PERMISSIONS(ID, RESOURCE_PATH_WILDCARD, NAME, DESCRIPTION, CREATED_TIME, MODIFIED_TIME, APPLICATION_ID, TENANT_ID, ACTION, STATUS, UPDATED_BY_USER_NAME) VALUES ('133', '/garnet/data/permissionManage/tenantList/3', '数据-权限管理新增编辑页租户列表-level3', '选择租户或租户+应用类型时，租户的可加载列表', '1522252800133', '1522252800133', '1', '1', 'read', '1', 'admin');
INSERT INTO C_PERMISSIONS(ID, RESOURCE_PATH_WILDCARD, NAME, DESCRIPTION, CREATED_TIME, MODIFIED_TIME, APPLICATION_ID, TENANT_ID, ACTION, STATUS, UPDATED_BY_USER_NAME) VALUES ('134', '/garnet/data/resourceManage/query/1', '数据-资源列表-level1', '加载列表的数据，行为决定有无，level决定级别', '1522252800134', '1522252800134', '1', '1', 'read', '1', 'admin');
INSERT INTO C_PERMISSIONS(ID, RESOURCE_PATH_WILDCARD, NAME, DESCRIPTION, CREATED_TIME, MODIFIED_TIME, APPLICATION_ID, TENANT_ID, ACTION, STATUS, UPDATED_BY_USER_NAME) VALUES ('135', '/garnet/data/resourceManage/query/2', '数据-资源列表-level2', '加载列表的数据，行为决定有无，level决定级别', '1522252800135', '1522252800135', '1', '1', 'read', '1', 'admin');
INSERT INTO C_PERMISSIONS(ID, RESOURCE_PATH_WILDCARD, NAME, DESCRIPTION, CREATED_TIME, MODIFIED_TIME, APPLICATION_ID, TENANT_ID, ACTION, STATUS, UPDATED_BY_USER_NAME) VALUES ('136', '/garnet/data/resourceManage/query/3', '数据-资源列表-level3', '加载列表的数据，行为决定有无，level决定级别', '1522252800136', '1522252800136', '1', '1', 'read', '1', 'admin');
INSERT INTO C_PERMISSIONS(ID, RESOURCE_PATH_WILDCARD, NAME, DESCRIPTION, CREATED_TIME, MODIFIED_TIME, APPLICATION_ID, TENANT_ID, ACTION, STATUS, UPDATED_BY_USER_NAME) VALUES ('137', '/garnet/option/resourceManage/types/001', '选项-资源管理新增页类型-type001-read', '新增页面的类型选项', '1522252800137', '1522252800137', '1', '1', 'read', '1', 'admin');
INSERT INTO C_PERMISSIONS(ID, RESOURCE_PATH_WILDCARD, NAME, DESCRIPTION, CREATED_TIME, MODIFIED_TIME, APPLICATION_ID, TENANT_ID, ACTION, STATUS, UPDATED_BY_USER_NAME) VALUES ('138', '/garnet/option/resourceManage/types/001', '选项-资源管理新增页类型-type001-edit', '新增页面的类型选项', '1522252800138', '1522252800138', '1', '1', 'edit', '1', 'admin');
INSERT INTO C_PERMISSIONS(ID, RESOURCE_PATH_WILDCARD, NAME, DESCRIPTION, CREATED_TIME, MODIFIED_TIME, APPLICATION_ID, TENANT_ID, ACTION, STATUS, UPDATED_BY_USER_NAME) VALUES ('139', '/garnet/option/resourceManage/types/010', '选项-资源管理新增页类型-type010-read', '新增页面的类型选项', '1522252800139', '1522252800139', '1', '1', 'read', '1', 'admin');
INSERT INTO C_PERMISSIONS(ID, RESOURCE_PATH_WILDCARD, NAME, DESCRIPTION, CREATED_TIME, MODIFIED_TIME, APPLICATION_ID, TENANT_ID, ACTION, STATUS, UPDATED_BY_USER_NAME) VALUES ('140', '/garnet/option/resourceManage/types/010', '选项-资源管理新增页类型-type010-edit', '新增页面的类型选项', '1522252800140', '1522252800140', '1', '1', 'edit', '1', 'admin');
INSERT INTO C_PERMISSIONS(ID, RESOURCE_PATH_WILDCARD, NAME, DESCRIPTION, CREATED_TIME, MODIFIED_TIME, APPLICATION_ID, TENANT_ID, ACTION, STATUS, UPDATED_BY_USER_NAME) VALUES ('141', '/garnet/option/resourceManage/types/011', '选项-资源管理新增页类型-type011-read', '新增页面的类型选项', '1522252800141', '1522252800141', '1', '1', 'read', '1', 'admin');
INSERT INTO C_PERMISSIONS(ID, RESOURCE_PATH_WILDCARD, NAME, DESCRIPTION, CREATED_TIME, MODIFIED_TIME, APPLICATION_ID, TENANT_ID, ACTION, STATUS, UPDATED_BY_USER_NAME) VALUES ('142', '/garnet/option/resourceManage/types/011', '选项-资源管理新增页类型-type011-edit', '新增页面的类型选项', '1522252800142', '1522252800142', '1', '1', 'edit', '1', 'admin');
INSERT INTO C_PERMISSIONS(ID, RESOURCE_PATH_WILDCARD, NAME, DESCRIPTION, CREATED_TIME, MODIFIED_TIME, APPLICATION_ID, TENANT_ID, ACTION, STATUS, UPDATED_BY_USER_NAME) VALUES ('143', '/garnet/option/resourceManage/types/100', '选项-资源管理新增页类型-type100-read', '新增页面的类型选项', '1522252800143', '1522252800143', '1', '1', 'read', '1', 'admin');
INSERT INTO C_PERMISSIONS(ID, RESOURCE_PATH_WILDCARD, NAME, DESCRIPTION, CREATED_TIME, MODIFIED_TIME, APPLICATION_ID, TENANT_ID, ACTION, STATUS, UPDATED_BY_USER_NAME) VALUES ('144', '/garnet/option/resourceManage/types/100', '选项-资源管理新增页类型-type100-edit', '新增页面的类型选项', '1522252800144', '1522252800144', '1', '1', 'edit', '1', 'admin');
INSERT INTO C_PERMISSIONS(ID, RESOURCE_PATH_WILDCARD, NAME, DESCRIPTION, CREATED_TIME, MODIFIED_TIME, APPLICATION_ID, TENANT_ID, ACTION, STATUS, UPDATED_BY_USER_NAME) VALUES ('145', '/garnet/option/resourceManage/types/101', '选项-资源管理新增页类型-type101-read', '新增页面的类型选项', '1522252800145', '1522252800145', '1', '1', 'read', '1', 'admin');
INSERT INTO C_PERMISSIONS(ID, RESOURCE_PATH_WILDCARD, NAME, DESCRIPTION, CREATED_TIME, MODIFIED_TIME, APPLICATION_ID, TENANT_ID, ACTION, STATUS, UPDATED_BY_USER_NAME) VALUES ('146', '/garnet/option/resourceManage/types/101', '选项-资源管理新增页类型-type101-edit', '新增页面的类型选项', '1522252800146', '1522252800146', '1', '1', 'edit', '1', 'admin');
INSERT INTO C_PERMISSIONS(ID, RESOURCE_PATH_WILDCARD, NAME, DESCRIPTION, CREATED_TIME, MODIFIED_TIME, APPLICATION_ID, TENANT_ID, ACTION, STATUS, UPDATED_BY_USER_NAME) VALUES ('147', '/garnet/option/resourceManage/types/110', '选项-资源管理新增页类型-type110-read', '新增页面的类型选项', '1522252800147', '1522252800147', '1', '1', 'read', '1', 'admin');
INSERT INTO C_PERMISSIONS(ID, RESOURCE_PATH_WILDCARD, NAME, DESCRIPTION, CREATED_TIME, MODIFIED_TIME, APPLICATION_ID, TENANT_ID, ACTION, STATUS, UPDATED_BY_USER_NAME) VALUES ('148', '/garnet/option/resourceManage/types/110', '选项-资源管理新增页类型-type110-edit', '新增页面的类型选项', '1522252800148', '1522252800148', '1', '1', 'edit', '1', 'admin');
INSERT INTO C_PERMISSIONS(ID, RESOURCE_PATH_WILDCARD, NAME, DESCRIPTION, CREATED_TIME, MODIFIED_TIME, APPLICATION_ID, TENANT_ID, ACTION, STATUS, UPDATED_BY_USER_NAME) VALUES ('149', '/garnet/option/resourceManage/types/111', '选项-资源管理新增页类型-type111-read', '新增页面的类型选项', '1522252800149', '1522252800149', '1', '1', 'read', '1', 'admin');
INSERT INTO C_PERMISSIONS(ID, RESOURCE_PATH_WILDCARD, NAME, DESCRIPTION, CREATED_TIME, MODIFIED_TIME, APPLICATION_ID, TENANT_ID, ACTION, STATUS, UPDATED_BY_USER_NAME) VALUES ('150', '/garnet/option/resourceManage/types/111', '选项-资源管理新增页类型-type111-edit', '新增页面的类型选项', '1522252800150', '1522252800150', '1', '1', 'edit', '1', 'admin');
INSERT INTO C_PERMISSIONS(ID, RESOURCE_PATH_WILDCARD, NAME, DESCRIPTION, CREATED_TIME, MODIFIED_TIME, APPLICATION_ID, TENANT_ID, ACTION, STATUS, UPDATED_BY_USER_NAME) VALUES ('151', '/garnet/data/resourceManage/tenantList/1', '数据-资源管理新增编辑页租户列表-level1', '选择租户或租户+应用类型时，租户的可加载列表', '1522252800151', '1522252800151', '1', '1', 'read', '1', 'admin');
INSERT INTO C_PERMISSIONS(ID, RESOURCE_PATH_WILDCARD, NAME, DESCRIPTION, CREATED_TIME, MODIFIED_TIME, APPLICATION_ID, TENANT_ID, ACTION, STATUS, UPDATED_BY_USER_NAME) VALUES ('152', '/garnet/data/resourceManage/tenantList/2', '数据-资源管理新增编辑页租户列表-level2', '选择租户或租户+应用类型时，租户的可加载列表', '1522252800152', '1522252800152', '1', '1', 'read', '1', 'admin');
INSERT INTO C_PERMISSIONS(ID, RESOURCE_PATH_WILDCARD, NAME, DESCRIPTION, CREATED_TIME, MODIFIED_TIME, APPLICATION_ID, TENANT_ID, ACTION, STATUS, UPDATED_BY_USER_NAME) VALUES ('153', '/garnet/data/resourceManage/tenantList/3', '数据-资源管理新增编辑页租户列表-level3', '选择租户或租户+应用类型时，租户的可加载列表', '1522252800153', '1522252800153', '1', '1', 'read', '1', 'admin');
INSERT INTO C_PERMISSIONS(ID, RESOURCE_PATH_WILDCARD, NAME, DESCRIPTION, CREATED_TIME, MODIFIED_TIME, APPLICATION_ID, TENANT_ID, ACTION, STATUS, UPDATED_BY_USER_NAME) VALUES ('154', '/garnet/data/resourceTypeManage/query/1', '数据-资源类型列表-level1', '加载列表的数据，行为决定有无，level决定级别', '1522252800154', '1522252800154', '1', '1', 'read', '1', 'admin');
INSERT INTO C_PERMISSIONS(ID, RESOURCE_PATH_WILDCARD, NAME, DESCRIPTION, CREATED_TIME, MODIFIED_TIME, APPLICATION_ID, TENANT_ID, ACTION, STATUS, UPDATED_BY_USER_NAME) VALUES ('155', '/garnet/data/resourceTypeManage/query/2', '数据-资源类型列表-level2', '加载列表的数据，行为决定有无，level决定级别', '1522252800155', '1522252800155', '1', '1', 'read', '1', 'admin');
INSERT INTO C_PERMISSIONS(ID, RESOURCE_PATH_WILDCARD, NAME, DESCRIPTION, CREATED_TIME, MODIFIED_TIME, APPLICATION_ID, TENANT_ID, ACTION, STATUS, UPDATED_BY_USER_NAME) VALUES ('156', '/garnet/data/resourceTypeManage/query/3', '数据-资源类型列表-level3', '加载列表的数据，行为决定有无，level决定级别', '1522252800156', '1522252800156', '1', '1', 'read', '1', 'admin');
INSERT INTO C_PERMISSIONS(ID, RESOURCE_PATH_WILDCARD, NAME, DESCRIPTION, CREATED_TIME, MODIFIED_TIME, APPLICATION_ID, TENANT_ID, ACTION, STATUS, UPDATED_BY_USER_NAME) VALUES ('157', '/garnet/option/resourceTypeManage/types/001', '选项-资源类型管理新增页类型-type001-read', '新增页面的类型选项', '1522252800157', '1522252800157', '1', '1', 'read', '1', 'admin');
INSERT INTO C_PERMISSIONS(ID, RESOURCE_PATH_WILDCARD, NAME, DESCRIPTION, CREATED_TIME, MODIFIED_TIME, APPLICATION_ID, TENANT_ID, ACTION, STATUS, UPDATED_BY_USER_NAME) VALUES ('158', '/garnet/option/resourceTypeManage/types/001', '选项-资源类型管理新增页类型-type001-edit', '新增页面的类型选项', '1522252800158', '1522252800158', '1', '1', 'edit', '1', 'admin');
INSERT INTO C_PERMISSIONS(ID, RESOURCE_PATH_WILDCARD, NAME, DESCRIPTION, CREATED_TIME, MODIFIED_TIME, APPLICATION_ID, TENANT_ID, ACTION, STATUS, UPDATED_BY_USER_NAME) VALUES ('159', '/garnet/option/resourceTypeManage/types/010', '选项-资源类型管理新增页类型-type010-read', '新增页面的类型选项', '1522252800159', '1522252800159', '1', '1', 'read', '1', 'admin');
INSERT INTO C_PERMISSIONS(ID, RESOURCE_PATH_WILDCARD, NAME, DESCRIPTION, CREATED_TIME, MODIFIED_TIME, APPLICATION_ID, TENANT_ID, ACTION, STATUS, UPDATED_BY_USER_NAME) VALUES ('160', '/garnet/option/resourceTypeManage/types/010', '选项-资源类型管理新增页类型-type010-edit', '新增页面的类型选项', '1522252800160', '1522252800160', '1', '1', 'edit', '1', 'admin');
INSERT INTO C_PERMISSIONS(ID, RESOURCE_PATH_WILDCARD, NAME, DESCRIPTION, CREATED_TIME, MODIFIED_TIME, APPLICATION_ID, TENANT_ID, ACTION, STATUS, UPDATED_BY_USER_NAME) VALUES ('161', '/garnet/option/resourceTypeManage/types/011', '选项-资源类型管理新增页类型-type011-read', '新增页面的类型选项', '1522252800161', '1522252800161', '1', '1', 'read', '1', 'admin');
INSERT INTO C_PERMISSIONS(ID, RESOURCE_PATH_WILDCARD, NAME, DESCRIPTION, CREATED_TIME, MODIFIED_TIME, APPLICATION_ID, TENANT_ID, ACTION, STATUS, UPDATED_BY_USER_NAME) VALUES ('162', '/garnet/option/resourceTypeManage/types/011', '选项-资源类型管理新增页类型-type011-edit', '新增页面的类型选项', '1522252800162', '1522252800162', '1', '1', 'edit', '1', 'admin');
INSERT INTO C_PERMISSIONS(ID, RESOURCE_PATH_WILDCARD, NAME, DESCRIPTION, CREATED_TIME, MODIFIED_TIME, APPLICATION_ID, TENANT_ID, ACTION, STATUS, UPDATED_BY_USER_NAME) VALUES ('163', '/garnet/option/resourceTypeManage/types/100', '选项-资源类型管理新增页类型-type100-read', '新增页面的类型选项', '1522252800163', '1522252800163', '1', '1', 'read', '1', 'admin');
INSERT INTO C_PERMISSIONS(ID, RESOURCE_PATH_WILDCARD, NAME, DESCRIPTION, CREATED_TIME, MODIFIED_TIME, APPLICATION_ID, TENANT_ID, ACTION, STATUS, UPDATED_BY_USER_NAME) VALUES ('164', '/garnet/option/resourceTypeManage/types/100', '选项-资源类型管理新增页类型-type100-edit', '新增页面的类型选项', '1522252800164', '1522252800164', '1', '1', 'edit', '1', 'admin');
INSERT INTO C_PERMISSIONS(ID, RESOURCE_PATH_WILDCARD, NAME, DESCRIPTION, CREATED_TIME, MODIFIED_TIME, APPLICATION_ID, TENANT_ID, ACTION, STATUS, UPDATED_BY_USER_NAME) VALUES ('165', '/garnet/option/resourceTypeManage/types/101', '选项-资源类型管理新增页类型-type101-read', '新增页面的类型选项', '1522252800165', '1522252800165', '1', '1', 'read', '1', 'admin');
INSERT INTO C_PERMISSIONS(ID, RESOURCE_PATH_WILDCARD, NAME, DESCRIPTION, CREATED_TIME, MODIFIED_TIME, APPLICATION_ID, TENANT_ID, ACTION, STATUS, UPDATED_BY_USER_NAME) VALUES ('166', '/garnet/option/resourceTypeManage/types/101', '选项-资源类型管理新增页类型-type101-edit', '新增页面的类型选项', '1522252800166', '1522252800166', '1', '1', 'edit', '1', 'admin');
INSERT INTO C_PERMISSIONS(ID, RESOURCE_PATH_WILDCARD, NAME, DESCRIPTION, CREATED_TIME, MODIFIED_TIME, APPLICATION_ID, TENANT_ID, ACTION, STATUS, UPDATED_BY_USER_NAME) VALUES ('167', '/garnet/option/resourceTypeManage/types/110', '选项-资源类型管理新增页类型-type110-read', '新增页面的类型选项', '1522252800167', '1522252800167', '1', '1', 'read', '1', 'admin');
INSERT INTO C_PERMISSIONS(ID, RESOURCE_PATH_WILDCARD, NAME, DESCRIPTION, CREATED_TIME, MODIFIED_TIME, APPLICATION_ID, TENANT_ID, ACTION, STATUS, UPDATED_BY_USER_NAME) VALUES ('168', '/garnet/option/resourceTypeManage/types/110', '选项-资源类型管理新增页类型-type110-edit', '新增页面的类型选项', '1522252800168', '1522252800168', '1', '1', 'edit', '1', 'admin');
INSERT INTO C_PERMISSIONS(ID, RESOURCE_PATH_WILDCARD, NAME, DESCRIPTION, CREATED_TIME, MODIFIED_TIME, APPLICATION_ID, TENANT_ID, ACTION, STATUS, UPDATED_BY_USER_NAME) VALUES ('169', '/garnet/option/resourceTypeManage/types/111', '选项-资源类型管理新增页类型-type111-read', '新增页面的类型选项', '1522252800169', '1522252800169', '1', '1', 'read', '1', 'admin');
INSERT INTO C_PERMISSIONS(ID, RESOURCE_PATH_WILDCARD, NAME, DESCRIPTION, CREATED_TIME, MODIFIED_TIME, APPLICATION_ID, TENANT_ID, ACTION, STATUS, UPDATED_BY_USER_NAME) VALUES ('170', '/garnet/option/resourceTypeManage/types/111', '选项-资源类型管理新增页类型-type111-edit', '新增页面的类型选项', '1522252800170', '1522252800170', '1', '1', 'edit', '1', 'admin');
INSERT INTO C_PERMISSIONS(ID, RESOURCE_PATH_WILDCARD, NAME, DESCRIPTION, CREATED_TIME, MODIFIED_TIME, APPLICATION_ID, TENANT_ID, ACTION, STATUS, UPDATED_BY_USER_NAME) VALUES ('171', '/garnet/data/resourceTypeManage/tenantList/1', '数据-资源类型管理新增编辑页租户列表-level1', '选择租户或租户+应用类型时，租户的可加载列表', '1522252800171', '1522252800171', '1', '1', 'read', '1', 'admin');
INSERT INTO C_PERMISSIONS(ID, RESOURCE_PATH_WILDCARD, NAME, DESCRIPTION, CREATED_TIME, MODIFIED_TIME, APPLICATION_ID, TENANT_ID, ACTION, STATUS, UPDATED_BY_USER_NAME) VALUES ('172', '/garnet/data/resourceTypeManage/tenantList/2', '数据-资源类型管理新增编辑页租户列表-level2', '选择租户或租户+应用类型时，租户的可加载列表', '1522252800172', '1522252800172', '1', '1', 'read', '1', 'admin');
INSERT INTO C_PERMISSIONS(ID, RESOURCE_PATH_WILDCARD, NAME, DESCRIPTION, CREATED_TIME, MODIFIED_TIME, APPLICATION_ID, TENANT_ID, ACTION, STATUS, UPDATED_BY_USER_NAME) VALUES ('173', '/garnet/data/resourceTypeManage/tenantList/3', '数据-资源类型管理新增编辑页租户列表-level3', '选择租户或租户+应用类型时，租户的可加载列表', '1522252800173', '1522252800173', '1', '1', 'read', '1', 'admin');
INSERT INTO C_PERMISSIONS(ID, RESOURCE_PATH_WILDCARD, NAME, DESCRIPTION, CREATED_TIME, MODIFIED_TIME, APPLICATION_ID, TENANT_ID, ACTION, STATUS, UPDATED_BY_USER_NAME) VALUES ('174', '/garnet/data/ssoManage/query/1', '数据-单点登录列表-level1', '单点登录应用组的数据，行为决定有无，level决定级别', '1522252800174', '1522252800174', '1', '1', 'read', '1', 'admin');
-- INSERT INTO c_permissions(id, resource_path_wildcard, name, description, created_time, modified_time, application_id, tenant_id, action, status, updated_by_user_name) VALUES ('175', '/garnet/tenantManage/%', '本用户为租户管理员的租户', '标记用户为租户管理员的权限', '1522252800175', '1522252800175', '0', '1', 'read', '1', 'admin');

-- c_role_permissions
INSERT INTO C_ROLE_PERMISSIONS(ROLE_ID, PERMISSION_ID, ID) VALUES ('1', '1', '1');
INSERT INTO C_ROLE_PERMISSIONS(ROLE_ID, PERMISSION_ID, ID) VALUES ('1', '2', '2');
INSERT INTO C_ROLE_PERMISSIONS(ROLE_ID, PERMISSION_ID, ID) VALUES ('1', '3', '3');
INSERT INTO C_ROLE_PERMISSIONS(ROLE_ID, PERMISSION_ID, ID) VALUES ('1', '4', '4');
INSERT INTO C_ROLE_PERMISSIONS(ROLE_ID, PERMISSION_ID, ID) VALUES ('1', '5', '5');
INSERT INTO C_ROLE_PERMISSIONS(ROLE_ID, PERMISSION_ID, ID) VALUES ('1', '6', '6');
INSERT INTO C_ROLE_PERMISSIONS(ROLE_ID, PERMISSION_ID, ID) VALUES ('1', '7', '7');
INSERT INTO C_ROLE_PERMISSIONS(ROLE_ID, PERMISSION_ID, ID) VALUES ('1', '8', '8');
INSERT INTO C_ROLE_PERMISSIONS(ROLE_ID, PERMISSION_ID, ID) VALUES ('1', '9', '9');
INSERT INTO C_ROLE_PERMISSIONS(ROLE_ID, PERMISSION_ID, ID) VALUES ('1', '10', '10');
INSERT INTO C_ROLE_PERMISSIONS(ROLE_ID, PERMISSION_ID, ID) VALUES ('1', '11', '11');
INSERT INTO C_ROLE_PERMISSIONS(ROLE_ID, PERMISSION_ID, ID) VALUES ('1', '12', '12');
INSERT INTO C_ROLE_PERMISSIONS(ROLE_ID, PERMISSION_ID, ID) VALUES ('1', '13', '13');
INSERT INTO C_ROLE_PERMISSIONS(ROLE_ID, PERMISSION_ID, ID) VALUES ('1', '14', '14');
INSERT INTO C_ROLE_PERMISSIONS(ROLE_ID, PERMISSION_ID, ID) VALUES ('1', '15', '15');
INSERT INTO C_ROLE_PERMISSIONS(ROLE_ID, PERMISSION_ID, ID) VALUES ('1', '16', '16');
INSERT INTO C_ROLE_PERMISSIONS(ROLE_ID, PERMISSION_ID, ID) VALUES ('1', '17', '17');
INSERT INTO C_ROLE_PERMISSIONS(ROLE_ID, PERMISSION_ID, ID) VALUES ('1', '18', '18');
INSERT INTO C_ROLE_PERMISSIONS(ROLE_ID, PERMISSION_ID, ID) VALUES ('1', '19', '19');
INSERT INTO C_ROLE_PERMISSIONS(ROLE_ID, PERMISSION_ID, ID) VALUES ('1', '20', '20');
INSERT INTO C_ROLE_PERMISSIONS(ROLE_ID, PERMISSION_ID, ID) VALUES ('1', '21', '21');
INSERT INTO C_ROLE_PERMISSIONS(ROLE_ID, PERMISSION_ID, ID) VALUES ('1', '22', '22');
INSERT INTO C_ROLE_PERMISSIONS(ROLE_ID, PERMISSION_ID, ID) VALUES ('1', '23', '23');
INSERT INTO C_ROLE_PERMISSIONS(ROLE_ID, PERMISSION_ID, ID) VALUES ('1', '24', '24');
INSERT INTO C_ROLE_PERMISSIONS(ROLE_ID, PERMISSION_ID, ID) VALUES ('1', '25', '25');
INSERT INTO C_ROLE_PERMISSIONS(ROLE_ID, PERMISSION_ID, ID) VALUES ('1', '26', '26');
INSERT INTO C_ROLE_PERMISSIONS(ROLE_ID, PERMISSION_ID, ID) VALUES ('1', '27', '27');
INSERT INTO C_ROLE_PERMISSIONS(ROLE_ID, PERMISSION_ID, ID) VALUES ('1', '28', '28');
INSERT INTO C_ROLE_PERMISSIONS(ROLE_ID, PERMISSION_ID, ID) VALUES ('1', '29', '29');
INSERT INTO C_ROLE_PERMISSIONS(ROLE_ID, PERMISSION_ID, ID) VALUES ('1', '30', '30');
INSERT INTO C_ROLE_PERMISSIONS(ROLE_ID, PERMISSION_ID, ID) VALUES ('1', '31', '31');
INSERT INTO C_ROLE_PERMISSIONS(ROLE_ID, PERMISSION_ID, ID) VALUES ('1', '32', '32');
INSERT INTO C_ROLE_PERMISSIONS(ROLE_ID, PERMISSION_ID, ID) VALUES ('1', '33', '33');
INSERT INTO C_ROLE_PERMISSIONS(ROLE_ID, PERMISSION_ID, ID) VALUES ('1', '34', '34');
INSERT INTO C_ROLE_PERMISSIONS(ROLE_ID, PERMISSION_ID, ID) VALUES ('1', '35', '35');
INSERT INTO C_ROLE_PERMISSIONS(ROLE_ID, PERMISSION_ID, ID) VALUES ('1', '36', '36');
INSERT INTO C_ROLE_PERMISSIONS(ROLE_ID, PERMISSION_ID, ID) VALUES ('1', '37', '37');
INSERT INTO C_ROLE_PERMISSIONS(ROLE_ID, PERMISSION_ID, ID) VALUES ('1', '38', '38');
INSERT INTO C_ROLE_PERMISSIONS(ROLE_ID, PERMISSION_ID, ID) VALUES ('1', '39', '39');
INSERT INTO C_ROLE_PERMISSIONS(ROLE_ID, PERMISSION_ID, ID) VALUES ('1', '40', '40');
INSERT INTO C_ROLE_PERMISSIONS(ROLE_ID, PERMISSION_ID, ID) VALUES ('1', '43', '41');
INSERT INTO C_ROLE_PERMISSIONS(ROLE_ID, PERMISSION_ID, ID) VALUES ('1', '49', '42');
INSERT INTO C_ROLE_PERMISSIONS(ROLE_ID, PERMISSION_ID, ID) VALUES ('1', '50', '43');
INSERT INTO C_ROLE_PERMISSIONS(ROLE_ID, PERMISSION_ID, ID) VALUES ('1', '176', '44');
INSERT INTO C_ROLE_PERMISSIONS(ROLE_ID, PERMISSION_ID, ID) VALUES ('1', '52', '45');
INSERT INTO C_ROLE_PERMISSIONS(ROLE_ID, PERMISSION_ID, ID) VALUES ('1', '55', '46');
INSERT INTO C_ROLE_PERMISSIONS(ROLE_ID, PERMISSION_ID, ID) VALUES ('1', '62', '47');
INSERT INTO C_ROLE_PERMISSIONS(ROLE_ID, PERMISSION_ID, ID) VALUES ('1', '63', '48');
INSERT INTO C_ROLE_PERMISSIONS(ROLE_ID, PERMISSION_ID, ID) VALUES ('1', '64', '49');
INSERT INTO C_ROLE_PERMISSIONS(ROLE_ID, PERMISSION_ID, ID) VALUES ('1', '68', '50');
INSERT INTO C_ROLE_PERMISSIONS(ROLE_ID, PERMISSION_ID, ID) VALUES ('1', '71', '51');
INSERT INTO C_ROLE_PERMISSIONS(ROLE_ID, PERMISSION_ID, ID) VALUES ('1', '74', '52');
INSERT INTO C_ROLE_PERMISSIONS(ROLE_ID, PERMISSION_ID, ID) VALUES ('1', '89', '53');
INSERT INTO C_ROLE_PERMISSIONS(ROLE_ID, PERMISSION_ID, ID) VALUES ('1', '90', '54');
INSERT INTO C_ROLE_PERMISSIONS(ROLE_ID, PERMISSION_ID, ID) VALUES ('1', '91', '55');
INSERT INTO C_ROLE_PERMISSIONS(ROLE_ID, PERMISSION_ID, ID) VALUES ('1', '94', '56');
INSERT INTO C_ROLE_PERMISSIONS(ROLE_ID, PERMISSION_ID, ID) VALUES ('1', '109', '57');
INSERT INTO C_ROLE_PERMISSIONS(ROLE_ID, PERMISSION_ID, ID) VALUES ('1', '110', '58');
INSERT INTO C_ROLE_PERMISSIONS(ROLE_ID, PERMISSION_ID, ID) VALUES ('1', '111', '59');
INSERT INTO C_ROLE_PERMISSIONS(ROLE_ID, PERMISSION_ID, ID) VALUES ('1', '114', '60');
INSERT INTO C_ROLE_PERMISSIONS(ROLE_ID, PERMISSION_ID, ID) VALUES ('1', '129', '61');
INSERT INTO C_ROLE_PERMISSIONS(ROLE_ID, PERMISSION_ID, ID) VALUES ('1', '130', '62');
INSERT INTO C_ROLE_PERMISSIONS(ROLE_ID, PERMISSION_ID, ID) VALUES ('1', '131', '63');
INSERT INTO C_ROLE_PERMISSIONS(ROLE_ID, PERMISSION_ID, ID) VALUES ('1', '134', '64');
INSERT INTO C_ROLE_PERMISSIONS(ROLE_ID, PERMISSION_ID, ID) VALUES ('1', '149', '65');
INSERT INTO C_ROLE_PERMISSIONS(ROLE_ID, PERMISSION_ID, ID) VALUES ('1', '150', '66');
INSERT INTO C_ROLE_PERMISSIONS(ROLE_ID, PERMISSION_ID, ID) VALUES ('1', '151', '67');
-- INSERT INTO c_role_permissions(role_id, permission_id, id) VALUES ('1', '152', '68');
-- INSERT INTO c_role_permissions(role_id, permission_id, id) VALUES ('1', '153', '69');
INSERT INTO C_ROLE_PERMISSIONS(ROLE_ID, PERMISSION_ID, ID) VALUES ('1', '154', '70');
INSERT INTO C_ROLE_PERMISSIONS(ROLE_ID, PERMISSION_ID, ID) VALUES ('1', '169', '71');
INSERT INTO C_ROLE_PERMISSIONS(ROLE_ID, PERMISSION_ID, ID) VALUES ('1', '170', '72');
INSERT INTO C_ROLE_PERMISSIONS(ROLE_ID, PERMISSION_ID, ID) VALUES ('1', '171', '73');
INSERT INTO C_ROLE_PERMISSIONS(ROLE_ID, PERMISSION_ID, ID) VALUES ('1', '174', '74');
-- INSERT INTO c_role_permissions(role_id, permission_id, id) VALUES ('1', '175', '75');
INSERT INTO C_ROLE_PERMISSIONS(ROLE_ID, PERMISSION_ID, ID) VALUES ('2', '1', '76');
INSERT INTO C_ROLE_PERMISSIONS(ROLE_ID, PERMISSION_ID, ID) VALUES ('2', '5', '77');
INSERT INTO C_ROLE_PERMISSIONS(ROLE_ID, PERMISSION_ID, ID) VALUES ('2', '6', '78');
INSERT INTO C_ROLE_PERMISSIONS(ROLE_ID, PERMISSION_ID, ID) VALUES ('2', '19', '79');
INSERT INTO C_ROLE_PERMISSIONS(ROLE_ID, PERMISSION_ID, ID) VALUES ('2', '20', '80');
INSERT INTO C_ROLE_PERMISSIONS(ROLE_ID, PERMISSION_ID, ID) VALUES ('2', '21', '81');
INSERT INTO C_ROLE_PERMISSIONS(ROLE_ID, PERMISSION_ID, ID) VALUES ('2', '22', '82');
INSERT INTO C_ROLE_PERMISSIONS(ROLE_ID, PERMISSION_ID, ID) VALUES ('2', '23', '83');
INSERT INTO C_ROLE_PERMISSIONS(ROLE_ID, PERMISSION_ID, ID) VALUES ('2', '24', '84');
INSERT INTO C_ROLE_PERMISSIONS(ROLE_ID, PERMISSION_ID, ID) VALUES ('2', '9', '85');
INSERT INTO C_ROLE_PERMISSIONS(ROLE_ID, PERMISSION_ID, ID) VALUES ('2', '66', '86');
INSERT INTO C_ROLE_PERMISSIONS(ROLE_ID, PERMISSION_ID, ID) VALUES ('2', '70', '87');
INSERT INTO C_ROLE_PERMISSIONS(ROLE_ID, PERMISSION_ID, ID) VALUES ('2', '72', '88');
INSERT INTO C_ROLE_PERMISSIONS(ROLE_ID, PERMISSION_ID, ID) VALUES ('2', '76', '89');
INSERT INTO C_ROLE_PERMISSIONS(ROLE_ID, PERMISSION_ID, ID) VALUES ('2', '88', '90');
INSERT INTO C_ROLE_PERMISSIONS(ROLE_ID, PERMISSION_ID, ID) VALUES ('2', '93', '91');
INSERT INTO C_ROLE_PERMISSIONS(ROLE_ID, PERMISSION_ID, ID) VALUES ('3', '1', '95');
INSERT INTO C_ROLE_PERMISSIONS(ROLE_ID, PERMISSION_ID, ID) VALUES ('3', '5', '92');
INSERT INTO C_ROLE_PERMISSIONS(ROLE_ID, PERMISSION_ID, ID) VALUES ('3', '20', '93');
INSERT INTO C_ROLE_PERMISSIONS(ROLE_ID, PERMISSION_ID, ID) VALUES ('3', '67', '94');


-- c_group_role
INSERT INTO C_GROUP_ROLES(ROLE_ID, GROUP_ID, ID) VALUES ('1', '1', '1');
INSERT INTO C_GROUP_ROLES(ROLE_ID, GROUP_ID, ID) VALUES ('2', '2', '2');
INSERT INTO C_GROUP_ROLES(ROLE_ID, GROUP_ID, ID) VALUES ('3', '3', '3');

-- c_group_user
INSERT INTO C_GROUP_USERS(GROUP_ID, USER_ID, ID) VALUES ('1', '1', '1');

-- c_resource_dynamic_props
-- Garnet系统按钮
INSERT INTO C_RESOURCE_DYNAMIC_PROPS (ID, TYPE, APPLICATION_ID, TENANT_ID, FILED_NAME, DESCRIPTION, ACTIONS, NAME, REMARK, CREATED_TIME, MODIFIED_TIME, UPDATED_BY_USER_NAME) VALUES ('1', 'garnet_button', '1', '1', 'varchar00', '填 code name', 'read', 'Garnet系统按钮', 'Garnet系统按钮', '1522252800000', '1522252800000', 'admin');
INSERT INTO C_RESOURCE_DYNAMIC_PROPS (ID, TYPE, APPLICATION_ID, TENANT_ID, FILED_NAME, DESCRIPTION, ACTIONS, NAME, REMARK, CREATED_TIME, MODIFIED_TIME, UPDATED_BY_USER_NAME) VALUES ('2', 'garnet_button', '1', '1', 'varchar01', '填 true/false', 'read', 'Garnet系统按钮', 'Garnet系统按钮', '1522252800001', '1522252800001', 'admin');
-- Garnet系统模块
INSERT INTO C_RESOURCE_DYNAMIC_PROPS (ID, TYPE, APPLICATION_ID, TENANT_ID, FILED_NAME, DESCRIPTION, ACTIONS, NAME, REMARK, CREATED_TIME, MODIFIED_TIME, UPDATED_BY_USER_NAME) VALUES ('3', 'garnet_module', '1', '1', 'varchar00', 'menuId', 'read', 'Garnet系统模块', 'Garnet系统的模块可访问性', '1522252800002', '1522252800002', 'admin');
INSERT INTO C_RESOURCE_DYNAMIC_PROPS (ID, TYPE, APPLICATION_ID, TENANT_ID, FILED_NAME, DESCRIPTION, ACTIONS, NAME, REMARK, CREATED_TIME, MODIFIED_TIME, UPDATED_BY_USER_NAME) VALUES ('4', 'garnet_module', '1', '1', 'varchar01', 'parentId', 'read', 'Garnet系统模块', 'Garnet系统的模块可访问性', '1522252800003', '1522252800003', 'admin');
INSERT INTO C_RESOURCE_DYNAMIC_PROPS (ID, TYPE, APPLICATION_ID, TENANT_ID, FILED_NAME, DESCRIPTION, ACTIONS, NAME, REMARK, CREATED_TIME, MODIFIED_TIME, UPDATED_BY_USER_NAME) VALUES ('5', 'garnet_module', '1', '1', 'varchar02', 'parentName', 'read', 'Garnet系统模块', 'Garnet系统的模块可访问性', '1522252800004', '1522252800004', 'admin');
INSERT INTO C_RESOURCE_DYNAMIC_PROPS (ID, TYPE, APPLICATION_ID, TENANT_ID, FILED_NAME, DESCRIPTION, ACTIONS, NAME, REMARK, CREATED_TIME, MODIFIED_TIME, UPDATED_BY_USER_NAME) VALUES ('6', 'garnet_module', '1', '1', 'varchar03', 'name', 'read', 'Garnet系统模块', 'Garnet系统的模块可访问性', '1522252800005', '1522252800005', 'admin');
INSERT INTO C_RESOURCE_DYNAMIC_PROPS (ID, TYPE, APPLICATION_ID, TENANT_ID, FILED_NAME, DESCRIPTION, ACTIONS, NAME, REMARK, CREATED_TIME, MODIFIED_TIME, UPDATED_BY_USER_NAME) VALUES ('7', 'garnet_module', '1', '1', 'varchar04', 'url', 'read', 'Garnet系统模块', 'Garnet系统的模块可访问性', '1522252800006', '1522252800006', 'admin');
INSERT INTO C_RESOURCE_DYNAMIC_PROPS (ID, TYPE, APPLICATION_ID, TENANT_ID, FILED_NAME, DESCRIPTION, ACTIONS, NAME, REMARK, CREATED_TIME, MODIFIED_TIME, UPDATED_BY_USER_NAME) VALUES ('8', 'garnet_module', '1', '1', 'varchar05', 'type', 'read', 'Garnet系统模块', 'Garnet系统的模块可访问性', '1522252800007', '1522252800007', 'admin');
INSERT INTO C_RESOURCE_DYNAMIC_PROPS (ID, TYPE, APPLICATION_ID, TENANT_ID, FILED_NAME, DESCRIPTION, ACTIONS, NAME, REMARK, CREATED_TIME, MODIFIED_TIME, UPDATED_BY_USER_NAME) VALUES ('9', 'garnet_module', '1', '1', 'varchar06', 'icon', 'read', 'Garnet系统模块', 'Garnet系统的模块可访问性', '1522252800008', '1522252800008', 'admin');
INSERT INTO C_RESOURCE_DYNAMIC_PROPS (ID, TYPE, APPLICATION_ID, TENANT_ID, FILED_NAME, DESCRIPTION, ACTIONS, NAME, REMARK, CREATED_TIME, MODIFIED_TIME, UPDATED_BY_USER_NAME) VALUES ('10', 'garnet_module', '1', '1', 'varchar07', 'code', 'read', 'Garnet系统模块', 'Garnet系统的模块可访问性', '1522252800009', '1522252800009', 'admin');
INSERT INTO C_RESOURCE_DYNAMIC_PROPS (ID, TYPE, APPLICATION_ID, TENANT_ID, FILED_NAME, DESCRIPTION, ACTIONS, NAME, REMARK, CREATED_TIME, MODIFIED_TIME, UPDATED_BY_USER_NAME) VALUES ('11', 'garnet_module', '1', '1', 'varchar08', 'orderNum', 'read', 'Garnet系统模块', 'Garnet系统的模块可访问性', '1522252800010', '1522252800010', 'admin');
INSERT INTO C_RESOURCE_DYNAMIC_PROPS (ID, TYPE, APPLICATION_ID, TENANT_ID, FILED_NAME, DESCRIPTION, ACTIONS, NAME, REMARK, CREATED_TIME, MODIFIED_TIME, UPDATED_BY_USER_NAME) VALUES ('12', 'garnet_module', '1', '1', 'varchar09', 'open', 'read', 'Garnet系统模块', 'Garnet系统的模块可访问性', '1522252800011', '1522252800011', 'admin');
INSERT INTO C_RESOURCE_DYNAMIC_PROPS (ID, TYPE, APPLICATION_ID, TENANT_ID, FILED_NAME, DESCRIPTION, ACTIONS, NAME, REMARK, CREATED_TIME, MODIFIED_TIME, UPDATED_BY_USER_NAME) VALUES ('13', 'garnet_module', '1', '1', 'varchar10', 'list', 'read', 'Garnet系统模块', 'Garnet系统的模块可访问性', '1522252800012', '1522252800012', 'admin');
INSERT INTO C_RESOURCE_DYNAMIC_PROPS (ID, TYPE, APPLICATION_ID, TENANT_ID, FILED_NAME, DESCRIPTION, ACTIONS, NAME, REMARK, CREATED_TIME, MODIFIED_TIME, UPDATED_BY_USER_NAME) VALUES ('14', 'garnet_module', '1', '1', 'varchar11', '填 code name', 'read', 'Garnet系统模块', 'Garnet系统的模块可访问性', '1522252800013', '1522252800013', 'admin');
INSERT INTO C_RESOURCE_DYNAMIC_PROPS (ID, TYPE, APPLICATION_ID, TENANT_ID, FILED_NAME, DESCRIPTION, ACTIONS, NAME, REMARK, CREATED_TIME, MODIFIED_TIME, UPDATED_BY_USER_NAME) VALUES ('15', 'garnet_module', '1', '1', 'varchar12', '填 true/false', 'read', 'Garnet系统模块', 'Garnet系统的模块可访问性', '1522252800014', '1522252800014', 'admin');
-- Garnet数据权限
INSERT INTO C_RESOURCE_DYNAMIC_PROPS (ID, TYPE, APPLICATION_ID, TENANT_ID, FILED_NAME, DESCRIPTION, ACTIONS, NAME, REMARK, CREATED_TIME, MODIFIED_TIME, UPDATED_BY_USER_NAME) VALUES ('16', 'garnet_data_permission', '1', '1', 'varchar00', 'level', 'read', 'Garnet数据权限', 'Garnet数据权限等级设置', '1522252800015', '1522252800015', 'admin');
-- Garnet数据选项
INSERT INTO C_RESOURCE_DYNAMIC_PROPS (ID, TYPE, APPLICATION_ID, TENANT_ID, FILED_NAME, DESCRIPTION, ACTIONS, NAME, REMARK, CREATED_TIME, MODIFIED_TIME, UPDATED_BY_USER_NAME) VALUES ('17', 'garnet_system_option', '1', '1', 'varchar00', 'type', 'read,edit', 'Garnet数据选项', 'Garnet系统提供的选项', '1522252800016', '1522252800016', 'admin');
-- Garnet租户管理员
-- INSERT INTO c_resource_dynamic_props (id, type, application_id, tenant_id, filed_name, description, actions, name, remark, created_time, modified_time, updated_by_user_name) VALUES ('18', 'tenant_manage', '1', '1', 'varchar00', 'type', 'read,edit', '租户管理的权限', '租户管理的权限', '1522252800017', '1522252800017', 'admin');

-- c_resources
-- Garnet系统模块 'garnet_module', '1', '9', '0', '', '开发选项', '', '0', 'fa fa-cog', 'garnetDevelopment', '0', '', '', 'garnetDevelopment', 'true', 'admin');
INSERT INTO C_RESOURCES (ID, APPLICATION_ID, PATH, NAME, REMARK, CREATED_TIME, MODIFIED_TIME, TYPE, TENANT_ID, VARCHAR_00, VARCHAR_01, VARCHAR_02, VARCHAR_03, VARCHAR_04, VARCHAR_05, VARCHAR_06, VARCHAR_07, VARCHAR_08, VARCHAR_09, VARCHAR_10, VARCHAR_11, VARCHAR_12, UPDATED_BY_USER_NAME) VALUES ('1', '1', '/garnet/module/systemManage', '模块分类-系统管理', '模块分类部分的系统管理模块的可访问性', '1522252800000', '1522252800000', 'garnet_module', '1', '1', '0', '', '系统管理', '', '0', 'fa fa-cog', 'garnetSysManagement', '0', '', '', 'garnetSysManagement', 'true', 'admin');
INSERT INTO C_RESOURCES (ID, APPLICATION_ID, PATH, NAME, REMARK, CREATED_TIME, MODIFIED_TIME, TYPE, TENANT_ID, VARCHAR_00, VARCHAR_01, VARCHAR_02, VARCHAR_03, VARCHAR_04, VARCHAR_05, VARCHAR_06, VARCHAR_07, VARCHAR_08, VARCHAR_09, VARCHAR_10, VARCHAR_11, VARCHAR_12, UPDATED_BY_USER_NAME) VALUES ('2', '1', '/garnet/module/developerOption', '模块分类-开发选项', '模块分类部分的开发选项模块的可访问性', '1522252800001', '1522252800001', 'garnet_module', '1', '9', '0', '', '开发选项', '', '0', 'fa fa-cog', 'garnetDevelopment', '0', '', '', 'garnetDevelopment', 'true', 'admin');
INSERT INTO C_RESOURCES (ID, APPLICATION_ID, PATH, NAME, REMARK, CREATED_TIME, MODIFIED_TIME, TYPE, TENANT_ID, VARCHAR_00, VARCHAR_01, VARCHAR_02, VARCHAR_03, VARCHAR_04, VARCHAR_05, VARCHAR_06, VARCHAR_07, VARCHAR_08, VARCHAR_09, VARCHAR_10, VARCHAR_11, VARCHAR_12, UPDATED_BY_USER_NAME) VALUES ('3', '1', '/garnet/module/tenantManage', '模块-租户管理', '模块分类部分的开发选项模块的可访问性', '1522252800002', '1522252800002', 'garnet_module', '1', '2', '1', '', '租户管理', 'modules/tenant.html', '1', 'fa fa-address-book', 'garnetSysManagementTenant', '1', '', '', 'garnetSysManagementTenant', 'true', 'admin');
INSERT INTO C_RESOURCES (ID, APPLICATION_ID, PATH, NAME, REMARK, CREATED_TIME, MODIFIED_TIME, TYPE, TENANT_ID, VARCHAR_00, VARCHAR_01, VARCHAR_02, VARCHAR_03, VARCHAR_04, VARCHAR_05, VARCHAR_06, VARCHAR_07, VARCHAR_08, VARCHAR_09, VARCHAR_10, VARCHAR_11, VARCHAR_12, UPDATED_BY_USER_NAME) VALUES ('4', '1', '/garnet/module/applicationManage', '模块-应用管理', '租户模块的可访问性', '1522252800003', '1522252800003', 'garnet_module', '1', '3', '1', '', '应用管理', 'modules/application.html', '1', 'fa fa-th-large', 'garnetSysManagementApplication', '2', '', '', 'garnetSysManagementApplication', 'true', 'admin');
INSERT INTO C_RESOURCES (ID, APPLICATION_ID, PATH, NAME, REMARK, CREATED_TIME, MODIFIED_TIME, TYPE, TENANT_ID, VARCHAR_00, VARCHAR_01, VARCHAR_02, VARCHAR_03, VARCHAR_04, VARCHAR_05, VARCHAR_06, VARCHAR_07, VARCHAR_08, VARCHAR_09, VARCHAR_10, VARCHAR_11, VARCHAR_12, UPDATED_BY_USER_NAME) VALUES ('5', '1', '/garnet/module/userManage', '模块-用户管理', '应用模块的可访问性', '1522252800004', '1522252800004', 'garnet_module', '1', '4', '1', '', '用户管理', 'modules/user.html', '1', 'fa fa fa-user', 'garnetSysManagementUser', '3', '', '', 'garnetSysManagementUser', 'true', 'admin');
INSERT INTO C_RESOURCES (ID, APPLICATION_ID, PATH, NAME, REMARK, CREATED_TIME, MODIFIED_TIME, TYPE, TENANT_ID, VARCHAR_00, VARCHAR_01, VARCHAR_02, VARCHAR_03, VARCHAR_04, VARCHAR_05, VARCHAR_06, VARCHAR_07, VARCHAR_08, VARCHAR_09, VARCHAR_10, VARCHAR_11, VARCHAR_12, UPDATED_BY_USER_NAME) VALUES ('6', '1', '/garnet/module/groupManage', '模块-组管理', '用户模块的可访问性', '1522252800005', '1522252800005', 'garnet_module', '1', '5', '1', '', '组管理', 'modules/group.html', '1', 'fa fa-institution', 'garnetSysManagementGroup', '4', '', '', 'garnetSysManagementGroup', 'true', 'admin');
INSERT INTO C_RESOURCES (ID, APPLICATION_ID, PATH, NAME, REMARK, CREATED_TIME, MODIFIED_TIME, TYPE, TENANT_ID, VARCHAR_00, VARCHAR_01, VARCHAR_02, VARCHAR_03, VARCHAR_04, VARCHAR_05, VARCHAR_06, VARCHAR_07, VARCHAR_08, VARCHAR_09, VARCHAR_10, VARCHAR_11, VARCHAR_12, UPDATED_BY_USER_NAME) VALUES ('7', '1', '/garnet/module/roleManage', '模块-角色管理', '组模块的可访问性', '1522252800006', '1522252800006', 'garnet_module', '1', '6', '1', '', '角色管理', 'modules/role.html', '1', 'fa fa-group', 'garnetSysManagementRole', '5', '', '', 'garnetSysManagementRole', 'true', 'admin');
INSERT INTO C_RESOURCES (ID, APPLICATION_ID, PATH, NAME, REMARK, CREATED_TIME, MODIFIED_TIME, TYPE, TENANT_ID, VARCHAR_00, VARCHAR_01, VARCHAR_02, VARCHAR_03, VARCHAR_04, VARCHAR_05, VARCHAR_06, VARCHAR_07, VARCHAR_08, VARCHAR_09, VARCHAR_10, VARCHAR_11, VARCHAR_12, UPDATED_BY_USER_NAME) VALUES ('8', '1', '/garnet/module/permissionManage', '模块-权限管理', '角色模块的可访问性', '1522252800007', '1522252800007', 'garnet_module', '1', '7', '1', '', '权限管理', 'modules/permission.html', '1', 'fa fa-th-list', 'garnetSysManagementPermission', '6', '', '', 'garnetSysManagementPermission', 'true', 'admin');
INSERT INTO C_RESOURCES (ID, APPLICATION_ID, PATH, NAME, REMARK, CREATED_TIME, MODIFIED_TIME, TYPE, TENANT_ID, VARCHAR_00, VARCHAR_01, VARCHAR_02, VARCHAR_03, VARCHAR_04, VARCHAR_05, VARCHAR_06, VARCHAR_07, VARCHAR_08, VARCHAR_09, VARCHAR_10, VARCHAR_11, VARCHAR_12, UPDATED_BY_USER_NAME) VALUES ('9', '1', '/garnet/module/logManage', '模块-日志管理', '权限模块的可访问性', '1522252800008', '1522252800008', 'garnet_module', '1', '8', '1', '', '系统日志', 'modules/log.html', '1', 'fa fa-file-text-o', 'garnetSysManagementLog', '7', '', '', 'garnetSysManagementLog', 'true', 'admin');
INSERT INTO C_RESOURCES (ID, APPLICATION_ID, PATH, NAME, REMARK, CREATED_TIME, MODIFIED_TIME, TYPE, TENANT_ID, VARCHAR_00, VARCHAR_01, VARCHAR_02, VARCHAR_03, VARCHAR_04, VARCHAR_05, VARCHAR_06, VARCHAR_07, VARCHAR_08, VARCHAR_09, VARCHAR_10, VARCHAR_11, VARCHAR_12, UPDATED_BY_USER_NAME) VALUES ('10', '1', '/garnet/module/resourceManage', '模块-资源管理', '资源模块的可访问性', '1522252800009', '1522252800009', 'garnet_module', '1', '10', '9', '', '资源管理', 'modules/resource.html', '1', 'fa fa-th-list', 'garnetDevelopmentResource', '1', '', '', 'garnetDevelopmentResource', 'true', 'admin');
INSERT INTO C_RESOURCES (ID, APPLICATION_ID, PATH, NAME, REMARK, CREATED_TIME, MODIFIED_TIME, TYPE, TENANT_ID, VARCHAR_00, VARCHAR_01, VARCHAR_02, VARCHAR_03, VARCHAR_04, VARCHAR_05, VARCHAR_06, VARCHAR_07, VARCHAR_08, VARCHAR_09, VARCHAR_10, VARCHAR_11, VARCHAR_12, UPDATED_BY_USER_NAME) VALUES ('11', '1', '/garnet/module/resourceTypeManage', '模块-资源类型管理', '资源类型模块的可访问性', '1522252800010', '1522252800010', 'garnet_module', '1', '12', '9', '', '资源类型配置', 'modules/resourceDynamicProperty.html', '1', 'fa fa-th-list', 'garnetDevelopmentresourceDynamicProperty', '3', '', '', 'garnetDevelopmentresourceDynamicProperty', 'true', 'admin');
INSERT INTO C_RESOURCES (ID, APPLICATION_ID, PATH, NAME, REMARK, CREATED_TIME, MODIFIED_TIME, TYPE, TENANT_ID, VARCHAR_00, VARCHAR_01, VARCHAR_02, VARCHAR_03, VARCHAR_04, VARCHAR_05, VARCHAR_06, VARCHAR_07, VARCHAR_08, VARCHAR_09, VARCHAR_10, VARCHAR_11, VARCHAR_12, UPDATED_BY_USER_NAME) VALUES ('12', '1', '/garnet/module/ssoManage', '模块-单点登录管理', '单点登录管理模块的可访问性', '1522252800011', '1522252800011', 'garnet_module', '1', '13', '9', '', '单点登录应用组', 'modules/routerGroup.html', '1', 'fa fa-th-list', 'garnetDevelopmentRouterGroup', '4', '', '', 'garnetDevelopmentRouterGroup', 'true', 'admin');

--  Garnet系统按钮
INSERT INTO C_RESOURCES (ID, APPLICATION_ID, PATH, NAME, REMARK, CREATED_TIME, MODIFIED_TIME, TYPE, TENANT_ID, VARCHAR_00, VARCHAR_01, UPDATED_BY_USER_NAME) VALUES ('13', '1', '/garnet/button/tenantManage/add', '按钮-租户新增', '租户模块新增按钮的可用性', '1522252800012', '1522252800012', 'garnet_button', '1', 'garnetSysManagementTenantAdd', 'true', 'admin');
INSERT INTO C_RESOURCES (ID, APPLICATION_ID, PATH, NAME, REMARK, CREATED_TIME, MODIFIED_TIME, TYPE, TENANT_ID, VARCHAR_00, VARCHAR_01, UPDATED_BY_USER_NAME) VALUES ('14', '1', '/garnet/button/tenantManage/update', '按钮-租户配置', '租户模块配置按钮的可用性', '1522252800013', '1522252800013', 'garnet_button', '1', 'garnetSysManagementTenantUpdate', 'true', 'admin');
INSERT INTO C_RESOURCES (ID, APPLICATION_ID, PATH, NAME, REMARK, CREATED_TIME, MODIFIED_TIME, TYPE, TENANT_ID, VARCHAR_00, VARCHAR_01, UPDATED_BY_USER_NAME) VALUES ('15', '1', '/garnet/button/tenantManage/delete', '按钮-租户删除', '租户模块删除按钮的可用性', '1522252800014', '1522252800014', 'garnet_button', '1', 'garnetSysManagementTenantDelete', 'true', 'admin');
INSERT INTO C_RESOURCES (ID, APPLICATION_ID, PATH, NAME, REMARK, CREATED_TIME, MODIFIED_TIME, TYPE, TENANT_ID, VARCHAR_00, VARCHAR_01, UPDATED_BY_USER_NAME) VALUES ('16', '1', '/garnet/button/applicationManage/add', '按钮-应用新增', '应用模块新增按钮的可用性', '1522252800015', '1522252800015', 'garnet_button', '1', 'garnetSysManagementApplicationAdd', 'true', 'admin');
INSERT INTO C_RESOURCES (ID, APPLICATION_ID, PATH, NAME, REMARK, CREATED_TIME, MODIFIED_TIME, TYPE, TENANT_ID, VARCHAR_00, VARCHAR_01, UPDATED_BY_USER_NAME) VALUES ('17', '1', '/garnet/button/applicationManage/update', '按钮-应用配置', '应用模块配置按钮的可用性', '1522252800016', '1522252800016', 'garnet_button', '1', 'garnetSysManagementApplicationUpdate', 'true', 'admin');
INSERT INTO C_RESOURCES (ID, APPLICATION_ID, PATH, NAME, REMARK, CREATED_TIME, MODIFIED_TIME, TYPE, TENANT_ID, VARCHAR_00, VARCHAR_01, UPDATED_BY_USER_NAME) VALUES ('18', '1', '/garnet/button/applicationManage/delete', '按钮-应用删除', '应用模块删除按钮的可用性', '1522252800017', '1522252800017', 'garnet_button', '1', 'garnetSysManagementApplicationDelete', 'true', 'admin');
INSERT INTO C_RESOURCES (ID, APPLICATION_ID, PATH, NAME, REMARK, CREATED_TIME, MODIFIED_TIME, TYPE, TENANT_ID, VARCHAR_00, VARCHAR_01, UPDATED_BY_USER_NAME) VALUES ('19', '1', '/garnet/button/userManage/add', '按钮-用户新增', '用户模块新增按钮的可用性', '1522252800018', '1522252800018', 'garnet_button', '1', 'garnetSysManagementUsernAdd', 'true', 'admin');
INSERT INTO C_RESOURCES (ID, APPLICATION_ID, PATH, NAME, REMARK, CREATED_TIME, MODIFIED_TIME, TYPE, TENANT_ID, VARCHAR_00, VARCHAR_01, UPDATED_BY_USER_NAME) VALUES ('20', '1', '/garnet/button/userManage/update', '按钮-用户配置', '用户模块配置按钮的可用性', '1522252800019', '1522252800019', 'garnet_button', '1', 'garnetSysManagementUserUpdate', 'true', 'admin');
INSERT INTO C_RESOURCES (ID, APPLICATION_ID, PATH, NAME, REMARK, CREATED_TIME, MODIFIED_TIME, TYPE, TENANT_ID, VARCHAR_00, VARCHAR_01, UPDATED_BY_USER_NAME) VALUES ('21', '1', '/garnet/button/userManage/delete', '按钮-用户删除', '用户模块删除按钮的可用性', '1522252800020', '1522252800020', 'garnet_button', '1', 'garnetSysManagementUserDelete', 'true', 'admin');
INSERT INTO C_RESOURCES (ID, APPLICATION_ID, PATH, NAME, REMARK, CREATED_TIME, MODIFIED_TIME, TYPE, TENANT_ID, VARCHAR_00, VARCHAR_01, UPDATED_BY_USER_NAME) VALUES ('22', '1', '/garnet/button/groupManage/add', '按钮-组新增', '组模块新增按钮的可用性', '1522252800021', '1522252800021', 'garnet_button', '1', 'garnetSysManagementGroupAdd', 'true', 'admin');
INSERT INTO C_RESOURCES (ID, APPLICATION_ID, PATH, NAME, REMARK, CREATED_TIME, MODIFIED_TIME, TYPE, TENANT_ID, VARCHAR_00, VARCHAR_01, UPDATED_BY_USER_NAME) VALUES ('23', '1', '/garnet/button/groupManage/update', '按钮-组配置', '组模块配置按钮的可用性', '1522252800022', '1522252800022', 'garnet_button', '1', 'garnetSysManagementGroupUpdate', 'true', 'admin');
INSERT INTO C_RESOURCES (ID, APPLICATION_ID, PATH, NAME, REMARK, CREATED_TIME, MODIFIED_TIME, TYPE, TENANT_ID, VARCHAR_00, VARCHAR_01, UPDATED_BY_USER_NAME) VALUES ('24', '1', '/garnet/button/groupManage/delete', '按钮-组删除', '组模块删除按钮的可用性', '1522252800023', '1522252800023', 'garnet_button', '1', 'garnetSysManagementGroupDelete', 'true', 'admin');
INSERT INTO C_RESOURCES (ID, APPLICATION_ID, PATH, NAME, REMARK, CREATED_TIME, MODIFIED_TIME, TYPE, TENANT_ID, VARCHAR_00, VARCHAR_01, UPDATED_BY_USER_NAME) VALUES ('25', '1', '/garnet/button/roleManage/add', '按钮-角色新增', '角色模块新增按钮的可用性', '1522252800024', '1522252800024', 'garnet_button', '1', 'garnetSysManagementRoleAdd', 'true', 'admin');
INSERT INTO C_RESOURCES (ID, APPLICATION_ID, PATH, NAME, REMARK, CREATED_TIME, MODIFIED_TIME, TYPE, TENANT_ID, VARCHAR_00, VARCHAR_01, UPDATED_BY_USER_NAME) VALUES ('26', '1', '/garnet/button/roleManage/update', '按钮-角色配置', '角色模块配置按钮的可用性', '1522252800025', '1522252800025', 'garnet_button', '1', 'garnetSysManagementRoleUpdate', 'true', 'admin');
INSERT INTO C_RESOURCES (ID, APPLICATION_ID, PATH, NAME, REMARK, CREATED_TIME, MODIFIED_TIME, TYPE, TENANT_ID, VARCHAR_00, VARCHAR_01, UPDATED_BY_USER_NAME) VALUES ('27', '1', '/garnet/button/roleManage/delete', '按钮-角色删除', '角色模块删除按钮的可用性', '1522252800026', '1522252800026', 'garnet_button', '1', 'garnetSysManagementRoleDelete', 'true', 'admin');
INSERT INTO C_RESOURCES (ID, APPLICATION_ID, PATH, NAME, REMARK, CREATED_TIME, MODIFIED_TIME, TYPE, TENANT_ID, VARCHAR_00, VARCHAR_01, UPDATED_BY_USER_NAME) VALUES ('28', '1', '/garnet/button/permissionManage/add', '按钮-权限新增', '权限模块新增按钮的可用性', '1522252800027', '1522252800027', 'garnet_button', '1', 'garnetSysManagementPermissionAdd', 'true', 'admin');
INSERT INTO C_RESOURCES (ID, APPLICATION_ID, PATH, NAME, REMARK, CREATED_TIME, MODIFIED_TIME, TYPE, TENANT_ID, VARCHAR_00, VARCHAR_01, UPDATED_BY_USER_NAME) VALUES ('29', '1', '/garnet/button/permissionManage/update', '按钮-权限删除', '权限模块配置按钮的可用性', '1522252800028', '1522252800028', 'garnet_button', '1', 'garnetSysManagementPermissionDelete', 'true', 'admin');
INSERT INTO C_RESOURCES (ID, APPLICATION_ID, PATH, NAME, REMARK, CREATED_TIME, MODIFIED_TIME, TYPE, TENANT_ID, VARCHAR_00, VARCHAR_01, UPDATED_BY_USER_NAME) VALUES ('30', '1', '/garnet/button/permissionManage/delete', '按钮-权限更新', '权限模块删除按钮的可用性', '1522252800029', '1522252800029', 'garnet_button', '1', 'garnetSysManagementPermissionUpdate', 'true', 'admin');
INSERT INTO C_RESOURCES (ID, APPLICATION_ID, PATH, NAME, REMARK, CREATED_TIME, MODIFIED_TIME, TYPE, TENANT_ID, VARCHAR_00, VARCHAR_01, UPDATED_BY_USER_NAME) VALUES ('31', '1', '/garnet/button/resourceManage/add', '按钮-资源新增', '资源模块新增按钮的可用性', '1522252800030', '1522252800030', 'garnet_button', '1', 'garnetDevelopmentResourceAdd', 'true', 'admin');
INSERT INTO C_RESOURCES (ID, APPLICATION_ID, PATH, NAME, REMARK, CREATED_TIME, MODIFIED_TIME, TYPE, TENANT_ID, VARCHAR_00, VARCHAR_01, UPDATED_BY_USER_NAME) VALUES ('32', '1', '/garnet/button/resourceManage/update', '按钮-资源配置', '资源模块配置按钮的可用性', '1522252800031', '1522252800031', 'garnet_button', '1', 'garnetDevelopmentResourceUpdate', 'true', 'admin');
INSERT INTO C_RESOURCES (ID, APPLICATION_ID, PATH, NAME, REMARK, CREATED_TIME, MODIFIED_TIME, TYPE, TENANT_ID, VARCHAR_00, VARCHAR_01, UPDATED_BY_USER_NAME) VALUES ('33', '1', '/garnet/button/resourceManage/delete', '按钮-资源删除', '资源模块删除按钮的可用性', '1522252800032', '1522252800032', 'garnet_button', '1', 'garnetDevelopmentResourceDelete', 'true', 'admin');
INSERT INTO C_RESOURCES (ID, APPLICATION_ID, PATH, NAME, REMARK, CREATED_TIME, MODIFIED_TIME, TYPE, TENANT_ID, VARCHAR_00, VARCHAR_01, UPDATED_BY_USER_NAME) VALUES ('34', '1', '/garnet/button/resourceTypeManage/add', '按钮-资源类型新增', '资源类型模块新增按钮的可用性', '1522252800033', '1522252800033', 'garnet_button', '1', 'garnetDevelopmentresourceDynamicPropertyAdd', 'true', 'admin');
INSERT INTO C_RESOURCES (ID, APPLICATION_ID, PATH, NAME, REMARK, CREATED_TIME, MODIFIED_TIME, TYPE, TENANT_ID, VARCHAR_00, VARCHAR_01, UPDATED_BY_USER_NAME) VALUES ('35', '1', '/garnet/button/resourceTypeManage/update', '按钮-资源类型配置', '资源类型模块配置按钮的可用性', '1522252800034', '1522252800034', 'garnet_button', '1', 'garnetDevelopmentresourceDynamicPropertyUpdate', 'true', 'admin');
INSERT INTO C_RESOURCES (ID, APPLICATION_ID, PATH, NAME, REMARK, CREATED_TIME, MODIFIED_TIME, TYPE, TENANT_ID, VARCHAR_00, VARCHAR_01, UPDATED_BY_USER_NAME) VALUES ('36', '1', '/garnet/button/resourceTypeManage/delete', '按钮-资源类型删除', '资源类型模块删除按钮的可用性', '1522252800035', '1522252800035', 'garnet_button', '1', 'garnetDevelopmentresourceDynamicPropertyDelete', 'true', 'admin');
INSERT INTO C_RESOURCES (ID, APPLICATION_ID, PATH, NAME, REMARK, CREATED_TIME, MODIFIED_TIME, TYPE, TENANT_ID, VARCHAR_00, VARCHAR_01, UPDATED_BY_USER_NAME) VALUES ('37', '1', '/garnet/button/ssoManage/add', '按钮-单点登录新增', '单点登录新增按钮的可用性', '1522252800036', '1522252800036', 'garnet_button', '1', 'garnetDevelopmentRouterGroupAdd', 'true', 'admin');
INSERT INTO C_RESOURCES (ID, APPLICATION_ID, PATH, NAME, REMARK, CREATED_TIME, MODIFIED_TIME, TYPE, TENANT_ID, VARCHAR_00, VARCHAR_01, UPDATED_BY_USER_NAME) VALUES ('38', '1', '/garnet/button/ssoManage/update', '按钮-单点登录配置', '单点登录配置按钮的可用性', '1522252800037', '1522252800037', 'garnet_button', '1', 'garnetDevelopmentRouterGroupUpdate', 'true', 'admin');
INSERT INTO C_RESOURCES (ID, APPLICATION_ID, PATH, NAME, REMARK, CREATED_TIME, MODIFIED_TIME, TYPE, TENANT_ID, VARCHAR_00, VARCHAR_01, UPDATED_BY_USER_NAME) VALUES ('39', '1', '/garnet/button/ssoManage/delete', '按钮-单点登录删除', '单点登录删除按钮的可用性', '1522252800038', '1522252800038', 'garnet_button', '1', 'garnetDevelopmentRouterGroupDelete', 'true', 'admin');
-- INSERT INTO c_resources (id, application_id, path, actions, name, created_time, modified_time, type, tenant_id, varchar_00, varchar_01, updated_by_user_name) VALUES ('40', '1', '/garnet/DevelopmentApi', 'appCode_garnetDevelopmentApi', 'Api管理菜单', '1522252800039', '1522252800039', 'garnet_appCode', '1', 'garnetDevelopmentApi', 'false', 'admin');
-- INSERT INTO c_resources (id, application_id, path, actions, name, created_time, modified_time, type, tenant_id, varchar_00, varchar_01, updated_by_user_name) VALUES ('41', '1', '/garnet/DevelopmentApiAdd', 'appCode_garnetDevelopmentApiAdd', 'Api管理-新增按钮', '1522252800040', '1522252800040', 'garnet_appCode', '1', 'garnetDevelopmentApiAdd', 'true', 'admin');
-- INSERT INTO c_resources (id, application_id, path, actions, name, created_time, modified_time, type, tenant_id, varchar_00, varchar_01, updated_by_user_name) VALUES ('42', '1', '/garnet/DevelopmentApiUpdate', 'appCode_garnetDevelopmentApiUpdate', 'Api管理-配置按钮', '1522252800041', '1522252800041', 'garnet_appCode', '1', 'garnetDevelopmentApiUpdate', 'true', 'admin');
-- INSERT INTO c_resources (id, application_id, path, actions, name, created_time, modified_time, type, tenant_id, varchar_00, varchar_01, updated_by_user_name) VALUES ('43', '1', '/garnet/DevelopmentApiDelete', 'appCode_garnetDevelopmentApiDelete', 'Api管理-删除按钮', '1522252800042', '1522252800042', 'garnet_appCode', '1', 'garnetDevelopmentApiDelete', 'true', 'admin');
-- INSERT INTO c_resources (id, application_id, path, actions, name, created_time, modified_time, type, tenant_id, varchar_00, varchar_01, updated_by_user_name) VALUES ('44', '1', '/garnet/garnet', 'appCode_garnet', '控制菜单显示-garnet', '1522252800043', '1522252800043', 'garnet_appCode', '1', 'garnet', 'true', 'admin');
-- INSERT INTO c_resources (id, application_id, path, actions, name, created_time, modified_time, type, tenant_id, varchar_00, varchar_01, updated_by_user_name) VALUES ('45', '1', '/garnet/DevelopmentAllApi', 'appCode_garnetDevelopmentAllApi', '控制菜单显示-DevelopmentAllApi', '1522252800044', '1522252800044', 'garnet_appCode', '1', 'garnetDevelopmentAllApi', 'true', 'admin');
-- INSERT INTO c_resources (id, application_id, path, actions, name, created_time, modified_time, type, tenant_id, varchar_00, varchar_01, updated_by_user_name) VALUES ('46', '1', '/garnet/SysManagementTenantSearchBox', 'appCode_garnetSysManagementTenantSearchBox', '控制菜单显示-SysManagementTenantSearchBox', '1522252800045', '1522252800045', 'garnet_appCode', '1', 'garnetSysManagementTenantSearchBox', 'true', 'admin');
-- 菜单配置 sysMenu
-- INSERT INTO c_resources (id, application_id, path, name, remark, created_time, modified_time, type, tenant_id, varchar_00, varchar_01, varchar_02, varchar_03, varchar_04, varchar_05, varchar_06, varchar_07, varchar_08, varchar_09, varchar_10, updated_by_user_name) VALUES ('47', '1', '/garnet/config/systemManage', '菜单配置-系统管理', '系统管理配置', '1522252800000', '1522252800000', 'garnet_sysMenu', '1', '1', '0', '', '系统管理', '', '0', 'fa fa-cog', 'garnetSysManagement', '0', '', '', 'admin');
-- INSERT INTO c_resources (id, application_id, path, name, remark, created_time, modified_time, type, tenant_id, varchar_00, varchar_01, varchar_02, varchar_03, varchar_04, varchar_05, varchar_06, varchar_07, varchar_08, varchar_09, varchar_10, updated_by_user_name) VALUES ('48', '1', '/garnet/config/tenantManage', '菜单配置-租户管理', '租户管理配置', '1522252800000', '1522252800000', 'garnet_sysMenu', '1', '2', '1', '', '租户管理', 'modules/tenant.html', '1', 'fa fa-address-book', 'garnetSysManagementTenant', '1', '', '', 'admin');
-- INSERT INTO c_resources (id, application_id, path, name, remark, created_time, modified_time, type, tenant_id, varchar_00, varchar_01, varchar_02, varchar_03, varchar_04, varchar_05, varchar_06, varchar_07, varchar_08, varchar_09, varchar_10, updated_by_user_name) VALUES ('49', '1', '/garnet/config/applicationManage', '菜单配置-应用管理', '管理配置', '1522252800000', '1522252800000', 'garnet_sysMenu', '1', '3', '1', '', '应用管理', 'modules/application.html', '1', 'fa fa-th-large', 'garnetSysManagementApplication', '2', '', '', 'admin');
-- INSERT INTO c_resources (id, application_id, path, name, remark, created_time, modified_time, type, tenant_id, varchar_00, varchar_01, varchar_02, varchar_03, varchar_04, varchar_05, varchar_06, varchar_07, varchar_08, varchar_09, varchar_10, updated_by_user_name) VALUES ('50', '1', '/garnet/config/userManage', '菜单配置-用户管理', '用户管理配置', '1522252800000', '1522252800000', 'garnet_sysMenu', '1', '4', '1', '', '用户管理', 'modules/user.html', '1', 'fa fa fa-user', 'garnetSysManagementUser', '3', '', '', 'admin');
-- INSERT INTO c_resources (id, application_id, path, name, remark, created_time, modified_time, type, tenant_id, varchar_00, varchar_01, varchar_02, varchar_03, varchar_04, varchar_05, varchar_06, varchar_07, varchar_08, varchar_09, varchar_10, updated_by_user_name) VALUES ('51', '1', '/garnet/config/groupManage', '菜单配置-组管理', '组管理配置', '1522252800000', '1522252800000', 'garnet_sysMenu', '1', '5', '1', '', '组管理', 'modules/group.html', '1', 'fa fa-institution', 'garnetSysManagementGroup', '4', '', '', 'admin');
-- INSERT INTO c_resources (id, application_id, path, name, remark, created_time, modified_time, type, tenant_id, varchar_00, varchar_01, varchar_02, varchar_03, varchar_04, varchar_05, varchar_06, varchar_07, varchar_08, varchar_09, varchar_10, updated_by_user_name) VALUES ('52', '1', '/garnet/config/roleManage', '菜单配置-角色管理', '角色管理配置', '1522252800000', '1522252800000', 'garnet_sysMenu', '1', '6', '1', '', '角色管理', 'modules/role.html', '1', 'fa fa-group', 'garnetSysManagementRole', '5', '', '', 'admin');
-- INSERT INTO c_resources (id, application_id, path, name, remark, created_time, modified_time, type, tenant_id, varchar_00, varchar_01, varchar_02, varchar_03, varchar_04, varchar_05, varchar_06, varchar_07, varchar_08, varchar_09, varchar_10, updated_by_user_name) VALUES ('53', '1', '/garnet/config/permissionManage', '菜单配置-权限管理', '权限管理配置', '1522252800000', '1522252800000', 'garnet_sysMenu', '1', '7', '1', '', '权限管理', 'modules/permission.html', '1', 'fa fa-th-list', 'garnetSysManagementPermission', '6', '', '', 'admin');
-- INSERT INTO c_resources (id, application_id, path, name, remark, created_time, modified_time, type, tenant_id, varchar_00, varchar_01, varchar_02, varchar_03, varchar_04, varchar_05, varchar_06, varchar_07, varchar_08, varchar_09, varchar_10, updated_by_user_name) VALUES ('54', '1', '/garnet/config/logManage', '菜单配置-日志管理', '日志管理配置', '1522252800000', '1522252800000', 'garnet_sysMenu', '1', '8', '1', '', '系统日志', 'modules/log.html', '1', 'fa fa-file-text-o', 'garnetSysManagementLog', '7', '', '', 'admin');
-- INSERT INTO c_resources (id, application_id, path, name, remark, created_time, modified_time, type, tenant_id, varchar_00, varchar_01, varchar_02, varchar_03, varchar_04, varchar_05, varchar_06, varchar_07, varchar_08, varchar_09, varchar_10, updated_by_user_name) VALUES ('55', '1', '/garnet/config/developerOption', '菜单配置-开发选项', '开发选项配置', '1522252800000', '1522252800000', 'garnet_sysMenu', '1', '9', '0', '', '开发选项', '', '0', 'fa fa-cog', 'garnetDevelopment', '0', '', '', 'admin');
-- INSERT INTO c_resources (id, application_id, path, name, remark, created_time, modified_time, type, tenant_id, varchar_00, varchar_01, varchar_02, varchar_03, varchar_04, varchar_05, varchar_06, varchar_07, varchar_08, varchar_09, varchar_10, updated_by_user_name) VALUES ('56', '1', '/garnet/config/resourceManage', '菜单配置-资源管理', '资源管理配置', '1522252800000', '1522252800000', 'garnet_sysMenu', '1', '10', '9', '', '资源管理', 'modules/resource.html', '1', 'fa fa-th-list', 'garnetDevelopmentResource', '1', '', '', 'admin');
-- INSERT INTO c_resources (id, application_id, path, name, remark, created_time, modified_time, type, tenant_id, varchar_00, varchar_01, varchar_02, varchar_03, varchar_04, varchar_05, varchar_06, varchar_07, varchar_08, varchar_09, varchar_10, updated_by_user_name) VALUES ('57', '1', '/garnet/config/resourceTypeManage', '菜单配置-资源类型配置', '资源类型管理配置', '1522252800000', '1522252800000', 'garnet_sysMenu', '1', '12', '9', '', '资源类型配置', 'modules/resourceDynamicProperty.html', '1', 'fa fa-th-list', 'garnetDevelopmentresourceDynamicProperty', '3', '', '', 'admin');
-- INSERT INTO c_resources (id, application_id, path, name, remark, created_time, modified_time, type, tenant_id, varchar_00, varchar_01, varchar_02, varchar_03, varchar_04, varchar_05, varchar_06, varchar_07, varchar_08, varchar_09, varchar_10, updated_by_user_name) VALUES ('58', '1', '/garnet/config/ssoManage', '菜单配置-单点登录应用组', '单点登录应用组配置', '1522252800000', '1522252800000', 'garnet_sysMenu', '1', '13', '9', '', '单点登录应用组', 'modules/routerGroup.html', '1', 'fa fa-th-list', 'garnetDevelopmentRouterGroup', '4', '', '', 'admin');
-- INSERT INTO c_resources (id, application_id, path, actions, name, created_time, modified_time, type, tenant_id, varchar_00, varchar_01, varchar_02, varchar_03, varchar_04, varchar_05, varchar_06, varchar_07, varchar_08, varchar_09, varchar_10, updated_by_user_name) VALUES ('59', '1', '/garnet/DevelopmentApi',  '', '菜单配置-Api管理', '1522252800000', '1522252800000', 'garnet_sysMenu', '1', '11', '9', '', 'API', 'modules/api.html', '1', 'fa fa-th-list', 'garnetDevelopmentApi', '2', '', '', 'admin');
-- 配置页面确认按钮
-- INSERT INTO c_resources (id, application_id, path, name, remark, created_time, modified_time, type, tenant_id, varchar_00, varchar_01, updated_by_user_name) VALUES ('60', '1', '/garnet/button/tenantManage/submit', '按钮-租户配置确认', '租户配置页面确认按钮的可用性', '1522252800000', '1522252800000', 'garnet_tenantUpdateButton', '1', 'tenantUpdateButton', 'true', 'admin');
-- INSERT INTO c_resources (id, application_id, path, name, remark, created_time, modified_time, type, tenant_id, varchar_00, varchar_01, updated_by_user_name) VALUES ('61', '1', '/garnet/button/applicationManage/submit', '按钮-应用配置确认', '应用配置页面确认按钮的可用性', '1522252800000', '1522252800000', 'garnet_applicationUpdateButton', '1', 'appUpdateButton', 'true', 'admin');
-- INSERT INTO c_resources (id, application_id, path, name, remark, created_time, modified_time, type, tenant_id, varchar_00, varchar_01, updated_by_user_name) VALUES ('62', '1', '/garnet/button/groupManage/submit', '按钮-组配置确认', '组配置页面确认按钮的可用性', '1522252800000', '1522252800000', 'garnet_groupUpdateButton', '1', 'groupUpdateButton', 'true', 'admin');
-- INSERT INTO c_resources (id, application_id, path, name, remark, created_time, modified_time, type, tenant_id, varchar_00, varchar_01, updated_by_user_name) VALUES ('63', '1', '/garnet/button/roleManage/submit', '按钮-角色配置确认', '角色配置页面确认按钮的可用性', '1522252800000', '1522252800000', 'garnet_roleUpdateButton', '1', 'roleUpdateButton', 'true', 'admin');
-- tenant
INSERT INTO C_RESOURCES (ID, APPLICATION_ID, PATH, NAME, REMARK, CREATED_TIME, MODIFIED_TIME, TYPE, TENANT_ID, VARCHAR_00, UPDATED_BY_USER_NAME) VALUES ('64', '1', '/garnet/data/tenantManage/query/1', '数据-租户数据列表-level1', '加载列表的数据，行为决定有无，level决定级别', '1522252800046', '1522252800046', 'garnet_data_permission', '1', '1', 'admin');
INSERT INTO C_RESOURCES (ID, APPLICATION_ID, PATH, NAME, REMARK, CREATED_TIME, MODIFIED_TIME, TYPE, TENANT_ID, VARCHAR_00, UPDATED_BY_USER_NAME) VALUES ('65', '1', '/garnet/data/tenantManage/query/2', '数据-租户数据列表-level2', '加载列表的数据，行为决定有无，level决定级别', '1522252800047', '1522252800047', 'garnet_data_permission', '1', '2', 'admin');
INSERT INTO C_RESOURCES (ID, APPLICATION_ID, PATH, NAME, REMARK, CREATED_TIME, MODIFIED_TIME, TYPE, TENANT_ID, VARCHAR_00, UPDATED_BY_USER_NAME) VALUES ('66', '1', '/garnet/data/tenantManage/query/3', '数据-租户数据列表-level3', '加载列表的数据，行为决定有无，level决定级别', '1522252800048', '1522252800048', 'garnet_data_permission', '1', '3', 'admin');
INSERT INTO C_RESOURCES (ID, APPLICATION_ID, PATH, NAME, REMARK, CREATED_TIME, MODIFIED_TIME, TYPE, TENANT_ID, VARCHAR_00, UPDATED_BY_USER_NAME) VALUES ('67', '1', '/garnet/data/tenantManage/applicationList/1', '数据-租户管理应用选择列表-level1', '新增/配置时加载应用列表的数据', '1522252800049', '1522252800049', 'garnet_data_permission', '1', '1', 'admin');
INSERT INTO C_RESOURCES (ID, APPLICATION_ID, PATH, NAME, REMARK, CREATED_TIME, MODIFIED_TIME, TYPE, TENANT_ID, VARCHAR_00, UPDATED_BY_USER_NAME) VALUES ('68', '1', '/garnet/data/tenantManage/applicationList/2', '数据-租户管理应用选择列表-level2', '新增/配置时加载应用列表的数据', '1522252800050', '1522252800050', 'garnet_data_permission', '1', '2', 'admin');
INSERT INTO C_RESOURCES (ID, APPLICATION_ID, PATH, NAME, REMARK, CREATED_TIME, MODIFIED_TIME, TYPE, TENANT_ID, VARCHAR_00, UPDATED_BY_USER_NAME) VALUES ('69', '1', '/garnet/option/tenantManage/platformTypes/01', '选项-租户管理平台模式-type01', '新建租户时平台模式的选项', '1522252800051', '1522252800051', 'garnet_system_option', '1', '01', 'admin');
INSERT INTO C_RESOURCES (ID, APPLICATION_ID, PATH, NAME, REMARK, CREATED_TIME, MODIFIED_TIME, TYPE, TENANT_ID, VARCHAR_00, UPDATED_BY_USER_NAME) VALUES ('70', '1', '/garnet/option/tenantManage/platformTypes/10', '选项-租户管理平台模式-type10', '新建租户时平台模式的选项', '1522252800052', '1522252800052', 'garnet_system_option', '1', '10', 'admin');
INSERT INTO C_RESOURCES (ID, APPLICATION_ID, PATH, NAME, REMARK, CREATED_TIME, MODIFIED_TIME, TYPE, TENANT_ID, VARCHAR_00, UPDATED_BY_USER_NAME) VALUES ('71', '1', '/garnet/option/tenantManage/platformTypes/11', '选项-租户管理平台模式-type11', '新建租户时平台模式的选项', '1522252800053', '1522252800053', 'garnet_system_option', '1', '11', 'admin');
INSERT INTO C_RESOURCES (ID, APPLICATION_ID, PATH, NAME, REMARK, CREATED_TIME, MODIFIED_TIME, TYPE, TENANT_ID, VARCHAR_00, UPDATED_BY_USER_NAME) VALUES ('72', '1', '/garnet/option/tenantManage/userRelation', '选项-租户默认关联所有用户', '默认关联所有用户的选项，不可见则默认为N', '1522252800054', '1522252800054', 'garnet_system_option', '1', '', 'admin');
-- application
INSERT INTO C_RESOURCES (ID, APPLICATION_ID, PATH, NAME, REMARK, CREATED_TIME, MODIFIED_TIME, TYPE, TENANT_ID, VARCHAR_00, UPDATED_BY_USER_NAME) VALUES ('73', '1', '/garnet/data/applicationManage/query/1', '数据-应用列表-level1', '加载列表的数据，行为决定有无，level决定级别', '1522252800055', '1522252800055', 'garnet_data_permission', '1', '1', 'admin');
INSERT INTO C_RESOURCES (ID, APPLICATION_ID, PATH, NAME, REMARK, CREATED_TIME, MODIFIED_TIME, TYPE, TENANT_ID, VARCHAR_00, UPDATED_BY_USER_NAME) VALUES ('74', '1', '/garnet/data/applicationManage/query/2', '数据-应用列表-level2', '加载列表的数据，行为决定有无，level决定级别', '1522252800056', '1522252800056', 'garnet_data_permission', '1', '2', 'admin');
INSERT INTO C_RESOURCES (ID, APPLICATION_ID, PATH, NAME, REMARK, CREATED_TIME, MODIFIED_TIME, TYPE, TENANT_ID, VARCHAR_00, UPDATED_BY_USER_NAME) VALUES ('75', '1', '/garnet/data/applicationManage/query/3', '数据-应用列表-level3', '加载列表的数据，行为决定有无，level决定级别', '1522252800057', '1522252800057', 'garnet_data_permission', '1', '3', 'admin');
INSERT INTO C_RESOURCES (ID, APPLICATION_ID, PATH, NAME, REMARK, CREATED_TIME, MODIFIED_TIME, TYPE, TENANT_ID, VARCHAR_00, UPDATED_BY_USER_NAME) VALUES ('76', '1', '/garnet/data/applicationManage/tenantList/1', '数据-应用管理租户选择列表-level1', '新增/配置应用时加载租户列表的数据', '1522252800058', '1522252800058', 'garnet_data_permission', '1', '1', 'admin');
INSERT INTO C_RESOURCES (ID, APPLICATION_ID, PATH, NAME, REMARK, CREATED_TIME, MODIFIED_TIME, TYPE, TENANT_ID, VARCHAR_00, UPDATED_BY_USER_NAME) VALUES ('77', '1', '/garnet/data/applicationManage/tenantList/2', '数据-应用管理租户选择列表-level2', '新增/配置应用时加载租户列表的数据', '1522252800059', '1522252800059', 'garnet_data_permission', '1', '2', 'admin');
INSERT INTO C_RESOURCES (ID, APPLICATION_ID, PATH, NAME, REMARK, CREATED_TIME, MODIFIED_TIME, TYPE, TENANT_ID, VARCHAR_00, UPDATED_BY_USER_NAME) VALUES ('78', '1', '/garnet/data/applicationManage/tenantList/3', '数据-应用管理租户选择列表-level3', '新增/配置应用时加载租户列表的数据', '1522252800060', '1522252800060', 'garnet_data_permission', '1', '3', 'admin');
INSERT INTO C_RESOURCES (ID, APPLICATION_ID, PATH, NAME, REMARK, CREATED_TIME, MODIFIED_TIME, TYPE, TENANT_ID, VARCHAR_00, UPDATED_BY_USER_NAME) VALUES ('79', '1', '/garnet/option/applicationManage/platformTypes/01', '选项-应用管理平台模式-type01', '新建应用时平台模式的选项', '1522252800061', '1522252800061', 'garnet_system_option', '1', '01', 'admin');
INSERT INTO C_RESOURCES (ID, APPLICATION_ID, PATH, NAME, REMARK, CREATED_TIME, MODIFIED_TIME, TYPE, TENANT_ID, VARCHAR_00, UPDATED_BY_USER_NAME) VALUES ('80', '1', '/garnet/option/applicationManage/platformTypes/10', '选项-应用管理平台模式-type10', '新建应用时平台模式的选项', '1522252800062', '1522252800062', 'garnet_system_option', '1', '10', 'admin');
INSERT INTO C_RESOURCES (ID, APPLICATION_ID, PATH, NAME, REMARK, CREATED_TIME, MODIFIED_TIME, TYPE, TENANT_ID, VARCHAR_00, UPDATED_BY_USER_NAME) VALUES ('81', '1', '/garnet/option/applicationManage/platformTypes/11', '选项-应用管理平台模式-type11', '新建应用时平台模式的选项', '1522252800063', '1522252800063', 'garnet_system_option', '1', '11', 'admin');
-- user
INSERT INTO C_RESOURCES (ID, APPLICATION_ID, PATH, NAME, REMARK, CREATED_TIME, MODIFIED_TIME, TYPE, TENANT_ID, VARCHAR_00, UPDATED_BY_USER_NAME) VALUES ('82', '1', '/garnet/data/userManage/query/1', '数据-用户列表-level1', '加载列表的数据，行为决定有无，level决定级别', '1522252800064', '1522252800064', 'garnet_data_permission', '1', '1', 'admin');
INSERT INTO C_RESOURCES (ID, APPLICATION_ID, PATH, NAME, REMARK, CREATED_TIME, MODIFIED_TIME, TYPE, TENANT_ID, VARCHAR_00, UPDATED_BY_USER_NAME) VALUES ('83', '1', '/garnet/data/userManage/query/2', '数据-用户列表-level2', '加载列表的数据，行为决定有无，level决定级别', '1522252800065', '1522252800065', 'garnet_data_permission', '1', '2', 'admin');
INSERT INTO C_RESOURCES (ID, APPLICATION_ID, PATH, NAME, REMARK, CREATED_TIME, MODIFIED_TIME, TYPE, TENANT_ID, VARCHAR_00, UPDATED_BY_USER_NAME) VALUES ('84', '1', '/garnet/data/userManage/query/3', '数据-用户列表-level3', '加载列表的数据，行为决定有无，level决定级别', '1522252800066', '1522252800066', 'garnet_data_permission', '1', '3', 'admin');
INSERT INTO C_RESOURCES (ID, APPLICATION_ID, PATH, NAME, REMARK, CREATED_TIME, MODIFIED_TIME, TYPE, TENANT_ID, VARCHAR_00, UPDATED_BY_USER_NAME) VALUES ('85', '1', '/garnet/data/userManage/query/4', '数据-用户列表-level4', '加载列表的数据，行为决定有无，level决定级别', '1522252800067', '1522252800067', 'garnet_data_permission', '1', '4', 'admin');
INSERT INTO C_RESOURCES (ID, APPLICATION_ID, PATH, NAME, REMARK, CREATED_TIME, MODIFIED_TIME, TYPE, TENANT_ID, VARCHAR_00, UPDATED_BY_USER_NAME) VALUES ('86', '1', '/garnet/data/userManage/tenantList/1', '数据-用户管理关联租户列表-level1', '新增/配置用户时加载关联租户列表的数据', '1522252800068', '1522252800068', 'garnet_data_permission', '1', '1', 'admin');
INSERT INTO C_RESOURCES (ID, APPLICATION_ID, PATH, NAME, REMARK, CREATED_TIME, MODIFIED_TIME, TYPE, TENANT_ID, VARCHAR_00, UPDATED_BY_USER_NAME) VALUES ('87', '1', '/garnet/data/userManage/tenantList/2', '数据-用户管理关联租户列表-level2', '新增/配置用户时加载关联租户列表的数据', '1522252800069', '1522252800069', 'garnet_data_permission', '1', '2', 'admin');
INSERT INTO C_RESOURCES (ID, APPLICATION_ID, PATH, NAME, REMARK, CREATED_TIME, MODIFIED_TIME, TYPE, TENANT_ID, VARCHAR_00, UPDATED_BY_USER_NAME) VALUES ('88', '1', '/garnet/data/userManage/tenantList/3', '数据-用户管理关联租户列表-level3', '新增/配置用户时加载关联租户列表的数据', '1522252800070', '1522252800070', 'garnet_data_permission', '1', '3', 'admin');
INSERT INTO C_RESOURCES (ID, APPLICATION_ID, PATH, NAME, REMARK, CREATED_TIME, MODIFIED_TIME, TYPE, TENANT_ID, VARCHAR_00, UPDATED_BY_USER_NAME) VALUES ('89', '1', '/garnet/data/userManage/garnetGroupList/1', '数据-为用户关联Garnet租户的组-level1', '新增/配置用户时加载关联Garnet租户的组列表的数据', '1522252800071', '1522252800071', 'garnet_data_permission', '1', '1', 'admin');
INSERT INTO C_RESOURCES (ID, APPLICATION_ID, PATH, NAME, REMARK, CREATED_TIME, MODIFIED_TIME, TYPE, TENANT_ID, VARCHAR_00, UPDATED_BY_USER_NAME) VALUES ('90', '1', '/garnet/data/userManage/garnetGroupList/2', '数据-为用户关联Garnet租户的组-level2', '新增/配置用户时加载关联Garnet租户的组列表的数据', '1522252800072', '1522252800072', 'garnet_data_permission', '1', '2', 'admin');
INSERT INTO C_RESOURCES (ID, APPLICATION_ID, PATH, NAME, REMARK, CREATED_TIME, MODIFIED_TIME, TYPE, TENANT_ID, VARCHAR_00, UPDATED_BY_USER_NAME) VALUES ('91', '1', '/garnet/data/userManage/garnetGroupList/3', '数据-为用户关联Garnet租户的组-level3', '新增/配置用户时加载关联Garnet租户的组列表的数据', '1522252800073', '1522252800073', 'garnet_data_permission', '1', '3', 'admin');
-- group
INSERT INTO C_RESOURCES (ID, APPLICATION_ID, PATH, NAME, REMARK, CREATED_TIME, MODIFIED_TIME, TYPE, TENANT_ID, VARCHAR_00, UPDATED_BY_USER_NAME) VALUES ('92', '1', '/garnet/data/groupManage/query/1', '数据-组列表-level1', '加载列表的数据，行为决定有无，level决定级别', '1522252800074', '1522252800074', 'garnet_data_permission', '1', '1', 'admin');
INSERT INTO C_RESOURCES (ID, APPLICATION_ID, PATH, NAME, REMARK, CREATED_TIME, MODIFIED_TIME, TYPE, TENANT_ID, VARCHAR_00, UPDATED_BY_USER_NAME) VALUES ('93', '1', '/garnet/data/groupManage/query/2', '数据-组列表-level2', '加载列表的数据，行为决定有无，level决定级别', '1522252800075', '1522252800075', 'garnet_data_permission', '1', '2', 'admin');
INSERT INTO C_RESOURCES (ID, APPLICATION_ID, PATH, NAME, REMARK, CREATED_TIME, MODIFIED_TIME, TYPE, TENANT_ID, VARCHAR_00, UPDATED_BY_USER_NAME) VALUES ('94', '1', '/garnet/data/groupManage/query/3', '数据-组列表-level3', '加载列表的数据，行为决定有无，level决定级别', '1522252800076', '1522252800076', 'garnet_data_permission', '1', '3', 'admin');
INSERT INTO C_RESOURCES (ID, APPLICATION_ID, PATH, NAME, REMARK, CREATED_TIME, MODIFIED_TIME, TYPE, TENANT_ID, VARCHAR_00, UPDATED_BY_USER_NAME) VALUES ('95', '1', '/garnet/option/groupManage/types/001', '选项-组管理新增页类型-type001', '新增页面的类型选项', '1522252800077', '1522252800077', 'garnet_system_option', '1', '001', 'admin');
INSERT INTO C_RESOURCES (ID, APPLICATION_ID, PATH, NAME, REMARK, CREATED_TIME, MODIFIED_TIME, TYPE, TENANT_ID, VARCHAR_00, UPDATED_BY_USER_NAME) VALUES ('96', '1', '/garnet/option/groupManage/types/010', '选项-组管理新增页类型-type010', '新增页面的类型选项', '1522252800078', '1522252800078', 'garnet_system_option', '1', '010', 'admin');
INSERT INTO C_RESOURCES (ID, APPLICATION_ID, PATH, NAME, REMARK, CREATED_TIME, MODIFIED_TIME, TYPE, TENANT_ID, VARCHAR_00, UPDATED_BY_USER_NAME) VALUES ('97', '1', '/garnet/option/groupManage/types/011', '选项-组管理新增页类型-type011', '新增页面的类型选项', '1522252800079', '1522252800079', 'garnet_system_option', '1', '011', 'admin');
INSERT INTO C_RESOURCES (ID, APPLICATION_ID, PATH, NAME, REMARK, CREATED_TIME, MODIFIED_TIME, TYPE, TENANT_ID, VARCHAR_00, UPDATED_BY_USER_NAME) VALUES ('98', '1', '/garnet/option/groupManage/types/100', '选项-组管理新增页类型-type100', '新增页面的类型选项', '1522252800080', '1522252800080', 'garnet_system_option', '1', '100', 'admin');
INSERT INTO C_RESOURCES (ID, APPLICATION_ID, PATH, NAME, REMARK, CREATED_TIME, MODIFIED_TIME, TYPE, TENANT_ID, VARCHAR_00, UPDATED_BY_USER_NAME) VALUES ('99', '1', '/garnet/option/groupManage/types/101', '选项-组管理新增页类型-type101', '新增页面的类型选项', '1522252800081', '1522252800081', 'garnet_system_option', '1', '101', 'admin');
INSERT INTO C_RESOURCES (ID, APPLICATION_ID, PATH, NAME, REMARK, CREATED_TIME, MODIFIED_TIME, TYPE, TENANT_ID, VARCHAR_00, UPDATED_BY_USER_NAME) VALUES ('100', '1', '/garnet/option/groupManage/types/110', '选项-组管理新增页类型-type110', '新增页面的类型选项', '1522252800082', '1522252800082', 'garnet_system_option', '1', '110', 'admin');
INSERT INTO C_RESOURCES (ID, APPLICATION_ID, PATH, NAME, REMARK, CREATED_TIME, MODIFIED_TIME, TYPE, TENANT_ID, VARCHAR_00, UPDATED_BY_USER_NAME) VALUES ('101', '1', '/garnet/option/groupManage/types/111', '选项-组管理新增页类型-type111', '新增页面的类型选项', '1522252800083', '1522252800083', 'garnet_system_option', '1', '111', 'admin');
INSERT INTO C_RESOURCES (ID, APPLICATION_ID, PATH, NAME, REMARK, CREATED_TIME, MODIFIED_TIME, TYPE, TENANT_ID, VARCHAR_00, UPDATED_BY_USER_NAME) VALUES ('102', '1', '/garnet/data/groupManage/tenantList/1', '数据-组管理新增编辑页租户列表-level1', '选择租户或租户+应用类型时，租户的可加载列表', '1522252800084', '1522252800084', 'garnet_data_permission', '1', '1', 'admin');
INSERT INTO C_RESOURCES (ID, APPLICATION_ID, PATH, NAME, REMARK, CREATED_TIME, MODIFIED_TIME, TYPE, TENANT_ID, VARCHAR_00, UPDATED_BY_USER_NAME) VALUES ('103', '1', '/garnet/data/groupManage/tenantList/2', '数据-组管理新增编辑页租户列表-level2', '选择租户或租户+应用类型时，租户的可加载列表', '1522252800085', '1522252800085', 'garnet_data_permission', '1', '2', 'admin');
INSERT INTO C_RESOURCES (ID, APPLICATION_ID, PATH, NAME, REMARK, CREATED_TIME, MODIFIED_TIME, TYPE, TENANT_ID, VARCHAR_00, UPDATED_BY_USER_NAME) VALUES ('104', '1', '/garnet/data/groupManage/tenantList/3', '数据-组管理新增编辑页租户列表-level3', '选择租户或租户+应用类型时，租户的可加载列表', '1522252800086', '1522252800086', 'garnet_data_permission', '1', '3', 'admin');
-- role
INSERT INTO C_RESOURCES (ID, APPLICATION_ID, PATH, NAME, REMARK, CREATED_TIME, MODIFIED_TIME, TYPE, TENANT_ID, VARCHAR_00, UPDATED_BY_USER_NAME) VALUES ('105', '1', '/garnet/data/roleManage/query/1', '数据-角色列表-level1', '加载列表的数据，行为决定有无，level决定级别', '1522252800087', '1522252800087', 'garnet_data_permission', '1', '1', 'admin');
INSERT INTO C_RESOURCES (ID, APPLICATION_ID, PATH, NAME, REMARK, CREATED_TIME, MODIFIED_TIME, TYPE, TENANT_ID, VARCHAR_00, UPDATED_BY_USER_NAME) VALUES ('106', '1', '/garnet/data/roleManage/query/2', '数据-角色列表-level2', '加载列表的数据，行为决定有无，level决定级别', '1522252800088', '1522252800088', 'garnet_data_permission', '1', '2', 'admin');
INSERT INTO C_RESOURCES (ID, APPLICATION_ID, PATH, NAME, REMARK, CREATED_TIME, MODIFIED_TIME, TYPE, TENANT_ID, VARCHAR_00, UPDATED_BY_USER_NAME) VALUES ('107', '1', '/garnet/data/roleManage/query/3', '数据-角色列表-level3', '加载列表的数据，行为决定有无，level决定级别', '1522252800089', '1522252800089', 'garnet_data_permission', '1', '3', 'admin');
INSERT INTO C_RESOURCES (ID, APPLICATION_ID, PATH, NAME, REMARK, CREATED_TIME, MODIFIED_TIME, TYPE, TENANT_ID, VARCHAR_00, UPDATED_BY_USER_NAME) VALUES ('108', '1', '/garnet/option/roleManage/types/001', '选项-角色管理新增页类型-type001', '新增页面的类型选项', '1522252800090', '1522252800090', 'garnet_system_option', '1', '001', 'admin');
INSERT INTO C_RESOURCES (ID, APPLICATION_ID, PATH, NAME, REMARK, CREATED_TIME, MODIFIED_TIME, TYPE, TENANT_ID, VARCHAR_00, UPDATED_BY_USER_NAME) VALUES ('109', '1', '/garnet/option/roleManage/types/010', '选项-角色管理新增页类型-type010', '新增页面的类型选项', '1522252800091', '1522252800091', 'garnet_system_option', '1', '010', 'admin');
INSERT INTO C_RESOURCES (ID, APPLICATION_ID, PATH, NAME, REMARK, CREATED_TIME, MODIFIED_TIME, TYPE, TENANT_ID, VARCHAR_00, UPDATED_BY_USER_NAME) VALUES ('110', '1', '/garnet/option/roleManage/types/011', '选项-角色管理新增页类型-type011', '新增页面的类型选项', '1522252800092', '1522252800092', 'garnet_system_option', '1', '011', 'admin');
INSERT INTO C_RESOURCES (ID, APPLICATION_ID, PATH, NAME, REMARK, CREATED_TIME, MODIFIED_TIME, TYPE, TENANT_ID, VARCHAR_00, UPDATED_BY_USER_NAME) VALUES ('111', '1', '/garnet/option/roleManage/types/100', '选项-角色管理新增页类型-type100', '新增页面的类型选项', '1522252800093', '1522252800093', 'garnet_system_option', '1', '100', 'admin');
INSERT INTO C_RESOURCES (ID, APPLICATION_ID, PATH, NAME, REMARK, CREATED_TIME, MODIFIED_TIME, TYPE, TENANT_ID, VARCHAR_00, UPDATED_BY_USER_NAME) VALUES ('112', '1', '/garnet/option/roleManage/types/101', '选项-角色管理新增页类型-type101', '新增页面的类型选项', '1522252800094', '1522252800094', 'garnet_system_option', '1', '101', 'admin');
INSERT INTO C_RESOURCES (ID, APPLICATION_ID, PATH, NAME, REMARK, CREATED_TIME, MODIFIED_TIME, TYPE, TENANT_ID, VARCHAR_00, UPDATED_BY_USER_NAME) VALUES ('113', '1', '/garnet/option/roleManage/types/110', '选项-角色管理新增页类型-type110', '新增页面的类型选项', '1522252800095', '1522252800095', 'garnet_system_option', '1', '110', 'admin');
INSERT INTO C_RESOURCES (ID, APPLICATION_ID, PATH, NAME, REMARK, CREATED_TIME, MODIFIED_TIME, TYPE, TENANT_ID, VARCHAR_00, UPDATED_BY_USER_NAME) VALUES ('114', '1', '/garnet/option/roleManage/types/111', '选项-角色管理新增页类型-type111', '新增页面的类型选项', '1522252800096', '1522252800096', 'garnet_system_option', '1', '111', 'admin');
INSERT INTO C_RESOURCES (ID, APPLICATION_ID, PATH, NAME, REMARK, CREATED_TIME, MODIFIED_TIME, TYPE, TENANT_ID, VARCHAR_00, UPDATED_BY_USER_NAME) VALUES ('115', '1', '/garnet/data/roleManage/tenantList/1', '数据-角色管理新增编辑页租户列表-level1', '选择租户或租户+应用类型时，租户的可加载列表', '1522252800097', '1522252800097', 'garnet_data_permission', '1', '1', 'admin');
INSERT INTO C_RESOURCES (ID, APPLICATION_ID, PATH, NAME, REMARK, CREATED_TIME, MODIFIED_TIME, TYPE, TENANT_ID, VARCHAR_00, UPDATED_BY_USER_NAME) VALUES ('116', '1', '/garnet/data/roleManage/tenantList/2', '数据-角色管理新增编辑页租户列表-level2', '选择租户或租户+应用类型时，租户的可加载列表', '1522252800098', '1522252800098', 'garnet_data_permission', '1', '2', 'admin');
INSERT INTO C_RESOURCES (ID, APPLICATION_ID, PATH, NAME, REMARK, CREATED_TIME, MODIFIED_TIME, TYPE, TENANT_ID, VARCHAR_00, UPDATED_BY_USER_NAME) VALUES ('117', '1', '/garnet/data/roleManage/tenantList/3', '数据-角色管理新增编辑页租户列表-level3', '选择租户或租户+应用类型时，租户的可加载列表', '1522252800099', '1522252800099', 'garnet_data_permission', '1', '3', 'admin');
-- permission
INSERT INTO C_RESOURCES (ID, APPLICATION_ID, PATH, NAME, REMARK, CREATED_TIME, MODIFIED_TIME, TYPE, TENANT_ID, VARCHAR_00, UPDATED_BY_USER_NAME) VALUES ('118', '1', '/garnet/data/permissionManage/query/1', '数据-权限列表-level1', '加载列表的数据，行为决定有无，level决定级别', '1522252800100', '1522252800100', 'garnet_data_permission', '1', '1', 'admin');
INSERT INTO C_RESOURCES (ID, APPLICATION_ID, PATH, NAME, REMARK, CREATED_TIME, MODIFIED_TIME, TYPE, TENANT_ID, VARCHAR_00, UPDATED_BY_USER_NAME) VALUES ('119', '1', '/garnet/data/permissionManage/query/2', '数据-权限列表-level2', '加载列表的数据，行为决定有无，level决定级别', '1522252800101', '1522252800101', 'garnet_data_permission', '1', '2', 'admin');
INSERT INTO C_RESOURCES (ID, APPLICATION_ID, PATH, NAME, REMARK, CREATED_TIME, MODIFIED_TIME, TYPE, TENANT_ID, VARCHAR_00, UPDATED_BY_USER_NAME) VALUES ('120', '1', '/garnet/data/permissionManage/query/3', '数据-权限列表-level3', '加载列表的数据，行为决定有无，level决定级别', '1522252800102', '1522252800102', 'garnet_data_permission', '1', '3', 'admin');
INSERT INTO C_RESOURCES (ID, APPLICATION_ID, PATH, NAME, REMARK, CREATED_TIME, MODIFIED_TIME, TYPE, TENANT_ID, VARCHAR_00, UPDATED_BY_USER_NAME) VALUES ('121', '1', '/garnet/option/permissionManage/types/001', '选项-权限管理新增页类型-type001', '新增页面的类型选项', '1522252800103', '1522252800103', 'garnet_system_option', '1', '001', 'admin');
INSERT INTO C_RESOURCES (ID, APPLICATION_ID, PATH, NAME, REMARK, CREATED_TIME, MODIFIED_TIME, TYPE, TENANT_ID, VARCHAR_00, UPDATED_BY_USER_NAME) VALUES ('122', '1', '/garnet/option/permissionManage/types/010', '选项-权限管理新增页类型-type010', '新增页面的类型选项', '1522252800104', '1522252800104', 'garnet_system_option', '1', '010', 'admin');
INSERT INTO C_RESOURCES (ID, APPLICATION_ID, PATH, NAME, REMARK, CREATED_TIME, MODIFIED_TIME, TYPE, TENANT_ID, VARCHAR_00, UPDATED_BY_USER_NAME) VALUES ('123', '1', '/garnet/option/permissionManage/types/011', '选项-权限管理新增页类型-type011', '新增页面的类型选项', '1522252800105', '1522252800105', 'garnet_system_option', '1', '011', 'admin');
INSERT INTO C_RESOURCES (ID, APPLICATION_ID, PATH, NAME, REMARK, CREATED_TIME, MODIFIED_TIME, TYPE, TENANT_ID, VARCHAR_00, UPDATED_BY_USER_NAME) VALUES ('124', '1', '/garnet/option/permissionManage/types/100', '选项-权限管理新增页类型-type100', '新增页面的类型选项', '1522252800106', '1522252800106', 'garnet_system_option', '1', '100', 'admin');
INSERT INTO C_RESOURCES (ID, APPLICATION_ID, PATH, NAME, REMARK, CREATED_TIME, MODIFIED_TIME, TYPE, TENANT_ID, VARCHAR_00, UPDATED_BY_USER_NAME) VALUES ('125', '1', '/garnet/option/permissionManage/types/101', '选项-权限管理新增页类型-type101', '新增页面的类型选项', '1522252800107', '1522252800107', 'garnet_system_option', '1', '101', 'admin');
INSERT INTO C_RESOURCES (ID, APPLICATION_ID, PATH, NAME, REMARK, CREATED_TIME, MODIFIED_TIME, TYPE, TENANT_ID, VARCHAR_00, UPDATED_BY_USER_NAME) VALUES ('126', '1', '/garnet/option/permissionManage/types/110', '选项-权限管理新增页类型-type110', '新增页面的类型选项', '1522252800108', '1522252800108', 'garnet_system_option', '1', '110', 'admin');
INSERT INTO C_RESOURCES (ID, APPLICATION_ID, PATH, NAME, REMARK, CREATED_TIME, MODIFIED_TIME, TYPE, TENANT_ID, VARCHAR_00, UPDATED_BY_USER_NAME) VALUES ('127', '1', '/garnet/option/permissionManage/types/111', '选项-权限管理新增页类型-type111', '新增页面的类型选项', '1522252800109', '1522252800109', 'garnet_system_option', '1', '111', 'admin');
INSERT INTO C_RESOURCES (ID, APPLICATION_ID, PATH, NAME, REMARK, CREATED_TIME, MODIFIED_TIME, TYPE, TENANT_ID, VARCHAR_00, UPDATED_BY_USER_NAME) VALUES ('128', '1', '/garnet/data/permissionManage/tenantList/1', '数据-权限管理新增编辑页租户列表-level1', '选择租户或租户+应用类型时，租户的可加载列表', '1522252800110', '1522252800110', 'garnet_data_permission', '1', '1', 'admin');
INSERT INTO C_RESOURCES (ID, APPLICATION_ID, PATH, NAME, REMARK, CREATED_TIME, MODIFIED_TIME, TYPE, TENANT_ID, VARCHAR_00, UPDATED_BY_USER_NAME) VALUES ('129', '1', '/garnet/data/permissionManage/tenantList/2', '数据-权限管理新增编辑页租户列表-level2', '选择租户或租户+应用类型时，租户的可加载列表', '1522252800111', '1522252800111', 'garnet_data_permission', '1', '2', 'admin');
INSERT INTO C_RESOURCES (ID, APPLICATION_ID, PATH, NAME, REMARK, CREATED_TIME, MODIFIED_TIME, TYPE, TENANT_ID, VARCHAR_00, UPDATED_BY_USER_NAME) VALUES ('130', '1', '/garnet/data/permissionManage/tenantList/3', '数据-权限管理新增编辑页租户列表-level3', '选择租户或租户+应用类型时，租户的可加载列表', '1522252800112', '1522252800112', 'garnet_data_permission', '1', '3', 'admin');
-- resource
INSERT INTO C_RESOURCES (ID, APPLICATION_ID, PATH, NAME, REMARK, CREATED_TIME, MODIFIED_TIME, TYPE, TENANT_ID, VARCHAR_00, UPDATED_BY_USER_NAME) VALUES ('131', '1', '/garnet/data/resourceManage/query/1', '数据-资源列表-level1', '加载列表的数据，行为决定有无，level决定级别', '1522252800113', '1522252800113', 'garnet_data_permission', '1', '1', 'admin');
INSERT INTO C_RESOURCES (ID, APPLICATION_ID, PATH, NAME, REMARK, CREATED_TIME, MODIFIED_TIME, TYPE, TENANT_ID, VARCHAR_00, UPDATED_BY_USER_NAME) VALUES ('132', '1', '/garnet/data/resourceManage/query/2', '数据-资源列表-level2', '加载列表的数据，行为决定有无，level决定级别', '1522252800114', '1522252800114', 'garnet_data_permission', '1', '2', 'admin');
INSERT INTO C_RESOURCES (ID, APPLICATION_ID, PATH, NAME, REMARK, CREATED_TIME, MODIFIED_TIME, TYPE, TENANT_ID, VARCHAR_00, UPDATED_BY_USER_NAME) VALUES ('133', '1', '/garnet/data/resourceManage/query/3', '数据-资源列表-level3', '加载列表的数据，行为决定有无，level决定级别', '1522252800115', '1522252800115', 'garnet_data_permission', '1', '3', 'admin');
INSERT INTO C_RESOURCES (ID, APPLICATION_ID, PATH, NAME, REMARK, CREATED_TIME, MODIFIED_TIME, TYPE, TENANT_ID, VARCHAR_00, UPDATED_BY_USER_NAME) VALUES ('134', '1', '/garnet/option/resourceManage/types/001', '选项-资源管理新增页类型-type001', '新增页面的类型选项', '1522252800116', '1522252800116', 'garnet_system_option', '1', '001', 'admin');
INSERT INTO C_RESOURCES (ID, APPLICATION_ID, PATH, NAME, REMARK, CREATED_TIME, MODIFIED_TIME, TYPE, TENANT_ID, VARCHAR_00, UPDATED_BY_USER_NAME) VALUES ('135', '1', '/garnet/option/resourceManage/types/010', '选项-资源管理新增页类型-type010', '新增页面的类型选项', '1522252800117', '1522252800117', 'garnet_system_option', '1', '010', 'admin');
INSERT INTO C_RESOURCES (ID, APPLICATION_ID, PATH, NAME, REMARK, CREATED_TIME, MODIFIED_TIME, TYPE, TENANT_ID, VARCHAR_00, UPDATED_BY_USER_NAME) VALUES ('136', '1', '/garnet/option/resourceManage/types/011', '选项-资源管理新增页类型-type011', '新增页面的类型选项', '1522252800118', '1522252800118', 'garnet_system_option', '1', '011', 'admin');
INSERT INTO C_RESOURCES (ID, APPLICATION_ID, PATH, NAME, REMARK, CREATED_TIME, MODIFIED_TIME, TYPE, TENANT_ID, VARCHAR_00, UPDATED_BY_USER_NAME) VALUES ('137', '1', '/garnet/option/resourceManage/types/100', '选项-资源管理新增页类型-type100', '新增页面的类型选项', '1522252800119', '1522252800119', 'garnet_system_option', '1', '100', 'admin');
INSERT INTO C_RESOURCES (ID, APPLICATION_ID, PATH, NAME, REMARK, CREATED_TIME, MODIFIED_TIME, TYPE, TENANT_ID, VARCHAR_00, UPDATED_BY_USER_NAME) VALUES ('138', '1', '/garnet/option/resourceManage/types/101', '选项-资源管理新增页类型-type101', '新增页面的类型选项', '1522252800120', '1522252800120', 'garnet_system_option', '1', '101', 'admin');
INSERT INTO C_RESOURCES (ID, APPLICATION_ID, PATH, NAME, REMARK, CREATED_TIME, MODIFIED_TIME, TYPE, TENANT_ID, VARCHAR_00, UPDATED_BY_USER_NAME) VALUES ('139', '1', '/garnet/option/resourceManage/types/110', '选项-资源管理新增页类型-type110', '新增页面的类型选项', '1522252800121', '1522252800121', 'garnet_system_option', '1', '110', 'admin');
INSERT INTO C_RESOURCES (ID, APPLICATION_ID, PATH, NAME, REMARK, CREATED_TIME, MODIFIED_TIME, TYPE, TENANT_ID, VARCHAR_00, UPDATED_BY_USER_NAME) VALUES ('140', '1', '/garnet/option/resourceManage/types/111', '选项-资源管理新增页类型-type111', '新增页面的类型选项', '1522252800122', '1522252800122', 'garnet_system_option', '1', '111', 'admin');
INSERT INTO C_RESOURCES (ID, APPLICATION_ID, PATH, NAME, REMARK, CREATED_TIME, MODIFIED_TIME, TYPE, TENANT_ID, VARCHAR_00, UPDATED_BY_USER_NAME) VALUES ('141', '1', '/garnet/data/resourceManage/tenantList/1', '数据-资源管理新增编辑页租户列表-level1', '选择租户或租户+应用类型时，租户的可加载列表', '1522252800123', '1522252800123', 'garnet_data_permission', '1', '1', 'admin');
INSERT INTO C_RESOURCES (ID, APPLICATION_ID, PATH, NAME, REMARK, CREATED_TIME, MODIFIED_TIME, TYPE, TENANT_ID, VARCHAR_00, UPDATED_BY_USER_NAME) VALUES ('142', '1', '/garnet/data/resourceManage/tenantList/2', '数据-资源管理新增编辑页租户列表-level2', '选择租户或租户+应用类型时，租户的可加载列表', '1522252800124', '1522252800124', 'garnet_data_permission', '1', '2', 'admin');
INSERT INTO C_RESOURCES (ID, APPLICATION_ID, PATH, NAME, REMARK, CREATED_TIME, MODIFIED_TIME, TYPE, TENANT_ID, VARCHAR_00, UPDATED_BY_USER_NAME) VALUES ('143', '1', '/garnet/data/resourceManage/tenantList/3', '数据-资源管理新增编辑页租户列表-level3', '选择租户或租户+应用类型时，租户的可加载列表', '1522252800125', '1522252800125', 'garnet_data_permission', '1', '3', 'admin');
-- resourcetype
INSERT INTO C_RESOURCES (ID, APPLICATION_ID, PATH, NAME, REMARK, CREATED_TIME, MODIFIED_TIME, TYPE, TENANT_ID, VARCHAR_00, UPDATED_BY_USER_NAME) VALUES ('144', '1', '/garnet/data/resourceTypeManage/query/1', '数据-资源类型列表-level1', '加载列表的数据，行为决定有无，level决定级别', '1522252800126', '1522252800126', 'garnet_data_permission', '1', '1', 'admin');
INSERT INTO C_RESOURCES (ID, APPLICATION_ID, PATH, NAME, REMARK, CREATED_TIME, MODIFIED_TIME, TYPE, TENANT_ID, VARCHAR_00, UPDATED_BY_USER_NAME) VALUES ('145', '1', '/garnet/data/resourceTypeManage/query/2', '数据-资源类型列表-level2', '加载列表的数据，行为决定有无，level决定级别', '1522252800127', '1522252800127', 'garnet_data_permission', '1', '2', 'admin');
INSERT INTO C_RESOURCES (ID, APPLICATION_ID, PATH, NAME, REMARK, CREATED_TIME, MODIFIED_TIME, TYPE, TENANT_ID, VARCHAR_00, UPDATED_BY_USER_NAME) VALUES ('146', '1', '/garnet/data/resourceTypeManage/query/3', '数据-资源类型列表-level3', '加载列表的数据，行为决定有无，level决定级别', '1522252800128', '1522252800128', 'garnet_data_permission', '1', '3', 'admin');
INSERT INTO C_RESOURCES (ID, APPLICATION_ID, PATH, NAME, REMARK, CREATED_TIME, MODIFIED_TIME, TYPE, TENANT_ID, VARCHAR_00, UPDATED_BY_USER_NAME) VALUES ('147', '1', '/garnet/option/resourceTypeManage/types/001', '选项-资源类型管理新增页类型-type001', '新增页面的类型选项', '1522252800129', '1522252800129', 'garnet_system_option', '1', '001', 'admin');
INSERT INTO C_RESOURCES (ID, APPLICATION_ID, PATH, NAME, REMARK, CREATED_TIME, MODIFIED_TIME, TYPE, TENANT_ID, VARCHAR_00, UPDATED_BY_USER_NAME) VALUES ('148', '1', '/garnet/option/resourceTypeManage/types/010', '选项-资源类型管理新增页类型-type010', '新增页面的类型选项', '1522252800130', '1522252800130', 'garnet_system_option', '1', '010', 'admin');
INSERT INTO C_RESOURCES (ID, APPLICATION_ID, PATH, NAME, REMARK, CREATED_TIME, MODIFIED_TIME, TYPE, TENANT_ID, VARCHAR_00, UPDATED_BY_USER_NAME) VALUES ('149', '1', '/garnet/option/resourceTypeManage/types/011', '选项-资源类型管理新增页类型-type011', '新增页面的类型选项', '1522252800131', '1522252800131', 'garnet_system_option', '1', '011', 'admin');
INSERT INTO C_RESOURCES (ID, APPLICATION_ID, PATH, NAME, REMARK, CREATED_TIME, MODIFIED_TIME, TYPE, TENANT_ID, VARCHAR_00, UPDATED_BY_USER_NAME) VALUES ('150', '1', '/garnet/option/resourceTypeManage/types/100', '选项-资源类型管理新增页类型-type100', '新增页面的类型选项', '1522252800132', '1522252800132', 'garnet_system_option', '1', '100', 'admin');
INSERT INTO C_RESOURCES (ID, APPLICATION_ID, PATH, NAME, REMARK, CREATED_TIME, MODIFIED_TIME, TYPE, TENANT_ID, VARCHAR_00, UPDATED_BY_USER_NAME) VALUES ('151', '1', '/garnet/option/resourceTypeManage/types/101', '选项-资源类型管理新增页类型-type101', '新增页面的类型选项', '1522252800133', '1522252800133', 'garnet_system_option', '1', '101', 'admin');
INSERT INTO C_RESOURCES (ID, APPLICATION_ID, PATH, NAME, REMARK, CREATED_TIME, MODIFIED_TIME, TYPE, TENANT_ID, VARCHAR_00, UPDATED_BY_USER_NAME) VALUES ('152', '1', '/garnet/option/resourceTypeManage/types/110', '选项-资源类型管理新增页类型-type110', '新增页面的类型选项', '1522252800134', '1522252800134', 'garnet_system_option', '1', '110', 'admin');
INSERT INTO C_RESOURCES (ID, APPLICATION_ID, PATH, NAME, REMARK, CREATED_TIME, MODIFIED_TIME, TYPE, TENANT_ID, VARCHAR_00, UPDATED_BY_USER_NAME) VALUES ('153', '1', '/garnet/option/resourceTypeManage/types/111', '选项-资源类型管理新增页类型-type111', '新增页面的类型选项', '1522252800135', '1522252800135', 'garnet_system_option', '1', '111', 'admin');
INSERT INTO C_RESOURCES (ID, APPLICATION_ID, PATH, NAME, REMARK, CREATED_TIME, MODIFIED_TIME, TYPE, TENANT_ID, VARCHAR_00, UPDATED_BY_USER_NAME) VALUES ('154', '1', '/garnet/data/resourceTypeManage/tenantList/1', '数据-资源类型管理新增编辑页租户列表-level1', '选择租户或租户+应用类型时，租户的可加载列表', '1522252800136', '1522252800136', 'garnet_data_permission', '1', '1', 'admin');
INSERT INTO C_RESOURCES (ID, APPLICATION_ID, PATH, NAME, REMARK, CREATED_TIME, MODIFIED_TIME, TYPE, TENANT_ID, VARCHAR_00, UPDATED_BY_USER_NAME) VALUES ('155', '1', '/garnet/data/resourceTypeManage/tenantList/2', '数据-资源类型管理新增编辑页租户列表-level2', '选择租户或租户+应用类型时，租户的可加载列表', '1522252800137', '1522252800137', 'garnet_data_permission', '1', '2', 'admin');
INSERT INTO C_RESOURCES (ID, APPLICATION_ID, PATH, NAME, REMARK, CREATED_TIME, MODIFIED_TIME, TYPE, TENANT_ID, VARCHAR_00, UPDATED_BY_USER_NAME) VALUES ('156', '1', '/garnet/data/resourceTypeManage/tenantList/3', '数据-资源类型管理新增编辑页租户列表-level3', '选择租户或租户+应用类型时，租户的可加载列表', '1522252800138', '1522252800138', 'garnet_data_permission', '1', '3', 'admin');
-- sso
INSERT INTO C_RESOURCES (ID, APPLICATION_ID, PATH, NAME, REMARK, CREATED_TIME, MODIFIED_TIME, TYPE, TENANT_ID, VARCHAR_00, UPDATED_BY_USER_NAME) VALUES ('157', '1', '/garnet/data/ssoManage/query/1', '数据-单点登录列表-level1', '单点登录应用组的数据，行为决定有无，level决定级别', '1522252800139', '1522252800139', 'garnet_data_permission', '1', '1', 'admin');
-- tenantManager
-- INSERT INTO c_resources (id, application_id, path, name, remark, created_time, modified_time, type, tenant_id, varchar_00, updated_by_user_name) VALUES ('158', '0', '/garnet/tenantManage', '本用户为租户管理员的租户', '标记用户为租户管理员的权限', '1522252800140', '1522252800140', 'garnet_data_permission', '1', '1', 'admin');

-- c_router_group
INSERT INTO C_ROUTER_GROUP (ID, GROUP_NAME, APP_CODE, REMARK, CREATED_TIME, MODIFIED_TIME, UPDATED_BY_USER_NAME) VALUES ('1', '超级应用组', 'garnet', '不能删除garnet应用', '1522252800000', '1522252800000', 'admin');

COMMIT ;